dialogue,duration,word_count,has_qmark,has_exclaim,has_ellipsis
"Well, my dad was a farmer.",2.085,6,0,0,0
"Um, like everybody else back then.",2.459,6,0,0,0
"Of course, he didn't start that way.",2.167,7,0,0,0
Computer says you're too tight.,1.92,5,0,0,0
"- Nah, I got this. - Crossing the Straights.",2.543,9,0,0,0
"- Shutting it down, Cooper. - No!",1.751,7,0,1,0
"- Shutting it all down. - No, I need power up!",2.418,11,0,1,0
Dad?,1.042,1,1,0,0
"Sorry, Murph. Go back to bed.",2.501,6,0,0,0
- I thought you were the ghost. - No.,2.502,9,0,0,0
"There are no such things as ghosts, babe.",2.001,8,0,0,0
Grandpa says you can get ghosts.,2.168,6,0,0,0
Maybe that's because Grandpa's close to being one himself. Back to bed.,4.753,12,0,0,0
Were you dreaming about the crash?,1.834,6,1,0,0
"Get your butt back in bed, Murph. Heh.",2.293,8,0,0,0
The wheat had died.,1.501,4,0,0,0
The blight came and we had to burn it.,2.335,9,0,0,0
And we still had corn. We had acres of corn.,2.71,10,0,0,0
"But, uh, mostly we had dust.",2.251,6,0,0,0
I guess I can't describe it. It was just constant.,2.627,10,0,0,0
Just that steady blow... of dirt.,3.878,6,0,0,1
"We wore, um, little strips of sheet...",3.086,7,0,0,1
sometimes over our nose and mouth...,2.71,6,0,0,1
so that we wouldn't breathe so much of it.,2.502,9,0,0,0
"When we set the table, we always set the plate...",2.501,10,0,0,1
"upside-down. Glasses or cups, whatever it was...",2.919,7,0,0,1
upside-down.,1.166,1,0,0,0
"Shake a leg! Murph, get a move on!",2.251,8,0,1,0
"Tom, 4:00 today, you and me in the barn, Herbicide Resistance 101.",3.46,12,0,0,0
"- Check? - Yes, sir.",1.501,5,1,0,0
"Not at the table, Murph.",1.667,5,0,0,0
"Dad, can you fix this?",1.834,5,1,0,0
What the heck did you do...,1.36,6,0,0,1
- to my lander? - Wasn't me.,1.166,7,1,0,0
Let me guess. It was your ghost?,1.876,7,1,0,0
It knocked it off. It keeps knocking books off.,2.335,9,0,0,0
"No such thing as ghosts, dumb-ass.",1.52,6,0,0,0
Hey.,0.52,1,0,0,0
I looked it up. It's called a poltergeist.,1.594,8,0,0,0
"Dad, tell her.",1.25,3,0,0,0
"Well, it's not very scientific, Murph.",1.917,6,0,0,0
You said science was about admitting what we don't know.,2.335,10,0,0,0
- She's got you there. - Hey.,2.168,7,0,0,0
Start looking after our stuff.,1.501,5,0,0,0
Coop.,1.208,1,0,0,0
"All right, Murph, you want to talk science?",2.167,8,1,0,0
"Don't tell me you're afraid of some ghost. No, you got to go further.",3.252,14,0,0,0
"You got to record the facts, analyze, get to the how and the why...",3.169,14,0,0,1
then present your conclusions. Deal?,2.919,5,1,0,0
- Deal. - All right.,1.417,5,0,0,0
- Have a good day at school. - Hold up.,2.167,10,0,0,0
Parent-teacher conferences. Parent.,2.293,3,0,0,0
Not grandparent.,1.959,2,0,0,0
"Slow down, turbo!",1.835,3,0,1,0
- That's not a dust storm. - Nelson's torching his whole crop.,3.127,12,0,0,0
Blight?,1.376,1,1,0,0
They're saying it's the last harvest for okra.,2.419,8,0,0,0
Ever.,1.167,1,0,0,0
He should've planted corn like the rest of us.,2.627,9,0,0,0
"Now, be nice to that Miss Hanley. She's single.",2.71,9,0,0,0
What's that supposed to mean?,1.5,5,1,0,0
"Repopulating the earth. Start pulling your weight, young man.",3.127,9,0,0,0
"Why don't you start minding your own business, old man?",3.961,10,1,0,0
"All right, Murph, give me second.",1.667,6,0,0,0
Uh-huh.,1.209,1,0,0,0
Third.,1.375,1,0,0,0
"- Find a gear, dumb-ass. - Grind it!",1.667,8,0,1,0
"Shut it, Tom!",1.042,3,0,1,0
"- What'd you do, Murph? - Ah, she didn't do nothing.",2.335,11,1,0,0
- Blew a tire is all. - Murphy's Law.,2.501,9,0,0,0
Shut up!,1.333,2,0,1,0
"- Grab the spare, Tom. - That is the spare.",1.751,10,0,0,0
Get the patch kit!,1.501,4,0,1,0
How am I supposed to patch it out here? COOPER: You got to figure it out.,3.21,16,1,0,0
I'm not always gonna be here to help you.,1.96,9,0,0,0
"What's going on, Murph?",1.75,4,1,0,0
Why did you and Mom name me after something that's bad?,3.211,11,1,0,0
We didn't.,1.375,2,0,0,0
Murphy's Law?,1.501,2,1,0,0
Murphy's Law doesn't mean that something bad will happen.,4.087,9,0,0,0
What it means is whatever can happen will happen.,3.378,9,0,0,0
And that sounded just fine with us.,2.543,7,0,0,0
Whoa!,1.543,1,0,1,0
Get in.,1.292,2,0,0,0
"Get in, let's go.",1.417,4,0,0,0
What about the flat tire?,2.126,5,1,0,0
Yeah.,1.334,1,0,0,0
It's an Indian Air Force drone. Solar cells could power an entire farm.,4.003,13,0,0,0
"Take the wheel, Tom.",1.459,4,0,0,0
"Go, go, go!",1.334,3,0,1,0
Keep that aimed right at it.,1.667,6,0,0,0
"Faster, Tom. I'm losing it.",2.418,5,0,0,0
Right at it.,1.042,3,0,0,0
Stay on it.,1.042,3,0,0,0
Here we go.,1.084,3,0,0,0
Whoa.,1.209,1,0,0,0
"Nice one, Tom.",1.584,3,0,0,0
Dad?,1.376,1,1,0,0
I almost got it. Don't stop. Don't stop!,2.752,8,0,1,0
Dad!,1.042,1,0,1,0
Tom!,1.208,1,0,1,0
You told me to keep driving.,2.334,6,0,0,0
"Well, I guess that answers the old ""if I asked you to drive off a cliff"" scenario.",4.462,17,0,0,0
"- We lost it. - No, we didn't.",2.835,8,0,0,0
Want to give it a whirl?,1.668,6,1,0,0
This way.,1.375,2,0,0,0
Go.,1.084,1,0,0,0
Let's lay her down right there at the edge of the reservoir.,3.002,12,0,0,0
Nicely done.,1.709,2,0,0,0
How long you think it's been up there?,1.876,8,1,0,0
"Delhi Mission Control went down, same as ours...",2.544,8,0,0,1
- ten years ago. - Heh.,1.834,6,0,0,0
So for ten years?,1.918,4,1,0,0
- Why did it come down so low? - I don't know.,2.627,12,1,0,0
Maybe the sun cooked its brain or it was looking for something.,2.918,12,0,0,0
- What? - Give me a large flatblade.,2.251,8,1,0,0
Maybe some kind of signal? I don't know.,2.669,8,1,0,0
What are you gonna do with it?,1.501,7,1,0,0
I'm gonna give it something socially responsible to do...,3.169,9,0,0,1
like drive a combine.,1.333,4,0,0,0
Can't we just let it go?,1.501,6,1,0,0
It wasn't hurting anybody.,1.667,4,0,0,0
"This thing needs to learn how to adapt, Murph...",2.501,9,0,0,1
like the rest of us.,1.5,5,0,0,0
How's this work? You guys come with?,1.72,7,1,0,0
I've got class.,1.042,3,0,0,0
This one needs to wait.,2.376,5,0,0,0
- What did you do? - They'll tell you about it in there.,2.793,13,1,0,0
- Am I gonna be mad? - Not with me.,2.168,10,1,0,0
- Just please try not to. - Hey. Relax.,3.168,9,0,0,0
I got this.,1.333,3,0,0,0
"Little late, Coop.",1.292,3,0,0,0
"Yeah, we had a flat.",1.542,5,0,0,0
And I guess you had to stop off at the Asian fighter plane store.,3.544,14,0,0,0
"No, actually, sir, that's a surveillance drone.",3.586,7,0,0,0
With outstanding solar cells. It's Indian.,2.752,6,0,0,0
Take a seat.,1.334,3,0,0,0
"So, uh...",1.5,2,0,0,1
we got Tom's scores back.,2.585,5,0,0,0
He's going to make an excellent farmer.,1.96,7,0,0,0
"Yeah, he's got a knack for it. What about college?",3.502,10,1,0,0
The university only takes a handful. They don't have the resources to...,3.753,12,0,0,1
I still pay my taxes.,2.292,5,0,0,0
Where's that money go? There's no more armies.,2.001,8,1,0,0
"Well, it doesn't go to the university.",2.334,7,0,0,0
"Look, Coop, you have to be realistic.",1.626,7,0,0,0
You're ruling my son out for college now?,2.793,8,1,0,0
- The kid's 15. - Tom's score simply isn't high enough.,3.502,11,0,0,0
"What's your waistline? About what, 32?",2.168,6,1,0,0
About a 33 inseam?,1.1,4,1,0,0
I'm not sure I see what you're getting at.,2.557,9,0,0,0
It takes two numbers to measure your ass but only one to measure my son's future?,4.42,16,1,0,0
"Come on. You're a well-educated man, Coop.",2.877,7,0,0,0
- And a trained pilot. - And an engineer.,1.959,9,0,0,0
"Okay, well, right now we don't need more engineers.",4.753,9,0,0,0
We didn't run out of television screens and planes. We ran out of food.,4.337,14,0,0,0
"The world needs farmers. Good farmers, like you.",3.42,8,0,0,0
- And Tom. - Uneducated farmers.,2.377,6,0,0,0
"We're a caretaker generation, Coop. And things are getting better.",3.92,10,0,0,0
Maybe your grandkids will get to be engin...,2.029,8,0,0,1
"Are we done here, sir?",1.086,5,1,0,0
No.,1.083,1,0,0,0
Miss Hanley's here to talk about Murph.,2.168,7,0,0,0
Murph is a great kid. She's really bright.,2.543,8,0,0,0
But she's been having a little trouble lately.,2.251,8,0,0,0
She brought this in to show the students. The section on the lunar landings.,3.377,14,0,0,0
"Yeah, it's one of my old textbooks.",2.502,7,0,0,0
She always loved the pictures.,2.001,5,0,0,0
It's an old federal textbook. We've replaced them with the corrected versions.,3.711,12,0,0,0
Corrected?,1.042,1,1,0,0
Explaining how the Apollo missions were faked to bankrupt the Soviet Union.,4.128,12,0,0,0
You don't believe we went to the moon?,1.959,8,1,0,0
It was a brilliant piece of propaganda.,2.001,7,0,0,0
The Soviets bankrupted themselves pouring resources...,2.835,6,0,0,1
into rockets and other useless machines.,2.251,6,0,0,0
"""Useless machines.""",1.084,2,0,0,0
"If we don't want a repeat of the excess and wastefulness of the 20th century, then...",4.086,16,0,0,1
"we need to teach our kids about this planet, not tales of leaving it.",3.794,14,0,0,0
One of those useless machines they used to make was called an MRI.,4.003,13,0,0,0
"If we had any of those left, the doctors would've been able to find...",3.335,14,0,0,1
the cyst in my wife's brain before she died instead of afterwards.,3.753,12,0,0,0
Then she'd have been the one listening to this instead of me...,3.085,12,0,0,1
"which would have been a good thing, because she was always...",3.086,11,0,0,1
the calmer one.,1.501,3,0,0,0
"I'm sorry about your wife, Mr. Cooper.",2.085,7,0,0,0
But Murph got into a fistfight with several of her classmates over this...,3.669,13,0,0,1
Apollo nonsense.,1.667,2,0,0,0
So we thought it best to bring you in and see what ideas...,2.46,13,0,0,1
you might have for dealing with her behavior on the home front.,2.668,12,0,0,0
"Yeah, you know what? Um, there's a game tomorrow night.",3.043,10,1,0,0
She's going through a bit of a baseball phase.,2.126,9,0,0,0
Her favorite team is playing. There's gonna be candy and soda and...,4.212,12,0,0,1
I think I'll take her to that.,1.834,7,0,0,0
How'd it go?,1.25,3,1,0,0
I got you suspended.,1.876,4,0,0,0
- What? - Cooper.,1.334,4,1,0,0
This is Cooper. Go.,1.167,4,0,0,0
"Coop, those combines you rebuilt went haywire.",2.835,7,0,0,0
Just reset the controllers.,2.168,4,0,0,0
I did that. Now you should come take a look.,2.627,10,0,0,0
One by one they've been peeling off the fields and heading over.,3.002,12,0,0,0
Something's interfering with the compass.,1.834,5,0,0,0
Magnetism or some such.,2.376,4,0,0,0
Nothing special about which book.,1.667,5,0,0,0
"I've been working on it, like you said.",2.251,8,0,0,0
- I counted the spaces. - Why?,2.501,7,1,0,0
In case the ghost is trying to communicate.,2.084,8,0,0,0
I'm trying Morse.,1.542,3,0,0,0
Morse?,1.25,1,1,0,0
Yeah.,1.083,1,0,0,0
"- Dots and dashes, used... - I know what Morse code is, Murph.",2.627,13,0,0,1
I just don't think your bookshelf's trying to talk to you.,2.918,11,0,0,0
Had to reset every compass clock and GPS to offset for the anomaly.,4.378,13,0,0,0
- Which is? - I don't know.,2.544,7,1,0,0
If the house was built on magnetic ore...,2.126,8,0,0,1
we'd have seen this the first time we switched on the tractor.,3.085,12,0,0,0
I hear your meeting at the school didn't go so well.,3.169,11,0,0,0
Heh. You heard?,1.709,3,1,0,0
"It's like we've forgotten who we are, Donald.",2.835,8,0,0,0
"Explorers, pioneers, not caretakers.",3.503,4,0,0,0
When I was a kid...,1.625,5,0,0,1
it felt like they made something new every day. Some...,4.128,10,0,0,1
gadget or idea. Like every day was Christmas.,3.294,8,0,0,0
But six billion people...,2.669,4,0,0,1
just try to imagine that.,2.001,5,0,0,0
And every last one of them trying to have it all.,3.002,11,0,0,0
This world isn't so bad.,1.918,5,0,0,0
And Tom will do just fine.,2.21,6,0,0,0
"You're the one who doesn't belong. Born 40 years too late, or 40 years too early.",4.379,16,0,0,0
"My daughter knew it, God bless her.",2.501,7,0,0,0
And your kids know it. Especially Murph.,2.794,7,0,0,0
"Well, we used to look up in the sky and wonder...",3.419,11,0,0,1
at our place in the stars.,2.377,6,0,0,0
Now we just look down and worry about our place in the dirt.,4.378,13,0,0,0
"Cooper, you were good at something...",2.836,6,0,0,1
and you never got a chance to do anything with it.,2.502,11,0,0,0
I'm sorry.,1.334,2,0,0,0
You didn't expect...,1.417,3,0,0,1
this dirt that was giving you this food...,2.543,8,0,0,1
to turn on you like that and destroy you.,3.085,9,0,0,0
"In April... I believe I'm right... Fifteenth of April, I think.",4.128,11,0,0,1
This happened about 1:30 when that thing...,2.293,7,0,0,1
came off the top of that canyon.,1.751,7,0,0,0
"In my day, we had real ballplayers.",2.126,7,0,0,0
Who are these bums?,1.751,4,1,0,0
"In my day, people were too busy...",2.502,7,0,0,1
fighting over food to even play baseball.,2.043,7,0,0,0
Popcorn at a ballgame is unnatural. I want a hot dog.,4.879,11,0,0,0
School says you're gonna follow in my footsteps.,2.126,8,0,0,0
I think that's great.,1.5,4,0,0,0
"- You think that's great? - You hate farming, Dad.",3.294,10,1,0,0
Grandpa said.,1.625,2,0,0,0
"Grandpa said, huh?",1.417,3,1,0,0
"Listen, all that matters is how you feel about it.",2.543,10,0,0,0
I like what you do.,1.668,5,0,0,0
I like our farm.,1.5,4,0,0,0
You're gonna be great at it.,1.626,6,0,0,0
Let's get out of here.,1.501,5,0,0,0
"All right, it's a doozy.",2.001,5,0,0,0
"All right, gang, let's mask up.",1.834,6,0,0,0
- Tom? Murph? Check? - Yeah.,2.001,6,1,0,0
"Murph, Tom, you guys shut your windows?",2.585,7,1,0,0
Murph?,1.084,1,1,0,0
The ghost.,1.292,2,0,0,0
Grab your pillow.,1.626,3,0,0,0
You're sleeping in with Tom.,1.835,5,0,0,0
It's not a ghost.,1.668,4,0,0,0
It's gravity.,1.417,2,0,0,0
"I'm dropping Tom, then heading to town.",2.251,7,0,0,0
You want to clean that up when you've finished praying to it?,4.17,12,1,0,0
"It's not Morse, Murph. It's binary.",2.252,6,0,0,0
"Thick is one, thin is zero.",1.959,6,0,0,0
Coordinates.,1.334,1,0,0,0
Nope. Mm-mm.,2.501,2,0,0,0
Here we go.,1.167,3,0,0,0
Thirty-three.,1.375,1,0,0,0
That's it.,1.041,2,0,0,0
I can't miss this!,1.501,4,0,1,0
"Grandpa will be back in a couple hours, Murph.",3.169,9,0,0,0
But you don't know what you're gonna find.,2.668,8,0,0,0
And that...,1.334,2,0,0,1
is why I can't take you.,2.084,6,0,0,0
Murph?,1.125,1,1,0,0
Grandpa will be home in a while. Tell him I'll call him on the radio.,3.503,15,0,0,0
- Aah! - Jesus.,1.25,4,0,1,0
- What are you doing? - Heh-heh.,1.917,7,1,0,0
"Oh, you think this is funny? Huh?",2.126,7,1,0,0
You wouldn't be here if it wasn't for me.,2.335,9,0,0,0
Make yourself useful.,2.001,3,0,0,0
"Hey, Murph?",1.334,2,1,0,0
Murph!,1.042,1,0,1,0
I think this is the end of the road.,2.335,9,0,0,0
Didn't you bring the bolt cutters?,2.043,6,1,0,0
That's my girl.,1.25,3,0,0,0
Step away!,1.25,2,0,1,0
Don't shoot! I'm not armed. My daughter's in the car.,3.085,10,0,1,0
- Don't be afraid. - Aah!,2.251,6,0,1,0
How did you find this place?,2.084,6,1,0,0
Where's my daughter?,1.334,3,1,0,0
You had the coordinates for this facility marked on your map. Where did you get them?,3.92,16,1,0,0
Where's my daughter?,1.334,3,1,0,0
Don't make me take you down again. Sit down!,2.918,9,0,1,0
"Oh, you still think you're a Marine, pal?",2.21,8,1,0,0
Marines don't exist anymore.,2.584,4,0,0,0
And I got grunts like you mowing my grass.,2.615,9,0,0,0
Where did you find those coordinates?,2.336,6,1,0,0
But you don't look much like a lawnmower.,2.584,8,0,0,0
Think I'll turn you into an overqualified vacuum cleaner.,2.835,9,0,0,0
"No, you won't.",1.209,3,0,0,0
"TARS, back down, please.",1.918,4,0,0,0
"You know, you're taking a risk using ex-military security.",3.127,9,0,0,0
"They're old, and their control units are unpredictable.",3.837,8,0,0,0
It's what the government could spare.,2.001,6,0,0,0
Who are you?,1.167,3,1,0,0
Dr. Brand.,1.334,2,0,0,0
I knew a Dr. Brand once. He was a professor.,2.376,10,0,0,0
What makes you think I'm not?,1.5,6,1,0,0
"Wasn't near as cute, either.",2.335,5,0,0,0
"Please, Dr. Brand. I don't have any idea what this is.",2.502,11,0,0,0
Now I'm scared for my daughter and want her by my side.,2.501,12,0,0,0
"You give me that, I'll tell you anything you want to know.",2.46,12,0,0,0
"Get the principals and the girl in the conference room, please.",3.002,11,0,0,0
Your daughter is fine.,1.375,4,0,0,0
Bright kid.,1.042,2,0,0,0
Must have a very smart mother.,1.834,6,0,0,0
It's pretty clear you don't want any visitors.,2.418,8,0,0,0
So why don't you just let us back up from your fence and we'll be on our way? Huh?,3.961,19,1,0,0
"- It's not that simple. - Well, sure, it is.",2.543,10,0,0,0
I don't know anything about you. I don't know anything about this place.,3.669,13,0,0,0
"Yes, you do.",1.167,3,0,0,0
Dad!,1.083,1,0,1,0
"Hello, Cooper.",1.041,2,0,0,0
Professor Brand.,1.042,2,0,0,0
Explain to me how you found this facility.,1.959,8,0,0,0
Kind of an accident. We sort of stumbled upon it. We were on a salvage run...,3.294,16,0,0,1
You're sitting in the best-kept secret in the world.,2.71,9,0,0,0
Nobody stumbles in here. Nobody stumbles out.,3.502,7,0,0,0
"Cooper, please.",1.667,2,0,0,0
Cooperate with these people.,2.084,4,0,0,0
Look.,1.209,1,0,0,0
It's kind of hard to explain.,1.668,6,0,0,0
We learned these coordinates from an anomaly.,4.17,7,0,0,0
What sort of anomaly?,1.334,4,1,0,0
"I hesitate to term it supernatural, but it definitely wasn't scientific.",3.294,11,0,0,0
"You're going to have to be specific, Mr. Cooper. Right now.",3.92,11,0,0,0
It was gravity.,1.25,3,0,0,0
"Um, what sort of gravitational anomaly? Where was this?",4.212,9,1,0,0
"Now, I'm real happy that you're excited about gravity, bud...",3.293,10,0,0,1
but you're not getting any answers from us until I get assurances.,3.211,12,0,0,0
- Assurances? - Yeah.,1.292,4,1,0,0
"Like, that we're getting out of here. And I don't mean in the trunk of some car.",3.461,17,0,0,0
"Don't you know who we are, Coop?",2.126,7,1,0,0
"No, professor, I don't.",1.25,4,0,0,0
"You know my father, Professor Brand.",2.001,6,0,0,0
We're NASA.,1.292,2,0,0,0
- NASA? - NASA.,2.209,4,1,0,0
The same NASA you flew for.,1.793,6,0,0,0
"I heard they shut you down, sir...",1.668,7,0,0,1
for refusing to drop bombs from the stratosphere...,2.293,8,0,0,1
onto starving people.,1.542,3,0,0,0
When they realized that killing other people was...,2.335,8,0,0,1
"not a long-term solution, then they needed us back.",2.835,9,0,0,0
- In secret. - Why secret?,2.001,6,1,0,0
Because public opinion wouldn't allow spending on space exploration.,3.836,9,0,0,0
Not while you're struggling to put food on the table.,2.293,10,0,0,0
Blight.,1.166,1,0,0,0
Wheat seven years ago. Okra this year.,3.836,7,0,0,0
Now there's just corn.,1.667,4,0,0,0
And we're growing more than we ever have.,1.959,8,0,0,0
But like the potatoes in Ireland and the wheat in the Dust Bowl...,4.17,13,0,0,1
the corn will die.,2.502,4,0,0,0
Soon.,1.042,1,0,0,0
"We'll find a way, professor. We always have.",3.586,8,0,0,0
Driven by the unshakable faith the Earth is ours.,4.003,9,0,0,0
"Not just ours, no.",1.876,4,0,0,0
But it is our home.,1.334,5,0,0,0
Earth's atmosphere is 80 percent nitrogen.,3.335,6,0,0,0
We don't even breathe nitrogen.,1.709,5,0,0,0
"Blight does. And as it thrives, our air gets less and less oxygen.",5.338,13,0,0,0
The last people to starve will be the first to suffocate.,3.46,11,0,0,0
And your daughter's generation...,2.168,4,0,0,1
will be the last to survive on Earth.,2.252,8,0,0,0
Murph is tired. I was wondering if she could take a nap in my office.,3.585,15,0,0,0
Yeah. Thank you.,1.5,3,0,0,0
Okay...,1.042,1,0,0,1
now you need to tell me what your plan is to save the world.,3.502,14,0,0,0
We're not meant to save the world. We're meant to leave it.,3.503,12,0,0,0
Rangers.,1.042,1,0,0,0
"The last components of our one versatile ship in orbit, the Endurance.",4.962,12,0,0,0
Our final expedition.,1.626,3,0,0,0
You sent people out there looking for a new home?,2.96,10,1,0,0
The Lazarus missions.,1.292,3,0,0,0
"- Oh, that sounds cheerful. - Lazarus came back from the dead.",2.96,12,0,0,0
"Sure, but he had to die in the first place.",2.001,10,0,0,0
There's not a planet in our solar system that could sustain life...,2.71,12,0,0,1
and the nearest star's over a thousand years away.,2.502,9,0,0,0
That doesn't even qualify as futile.,2.669,6,0,0,0
Where'd you send them?,1.334,4,1,0,0
Cooper...,1.417,1,0,0,1
I can't tell you anymore unless you agree...,2.793,8,0,0,1
to pilot this craft.,1.834,4,0,0,0
- You're the best pilot we ever had. - I barely left the stratosphere.,3.294,14,0,0,0
This team never left the simulator.,2.126,6,0,0,0
"We need a pilot, and this is the mission that you were trained for.",3.794,14,0,0,0
Without even knowing it?,1.501,4,1,0,0
"An hour ago, you didn't even know I was alive. You were going anyway.",4.254,14,0,0,0
We had no choice.,1.709,4,0,0,0
But something sent you here.,1.751,5,0,0,0
"- They chose you. - Who's ""they""?",2.71,7,1,0,0
How long would I be gone?,1.918,6,1,0,0
Hard to know. Years?,2.919,4,1,0,0
"I've got kids, professor.",1.626,4,0,0,0
Get out there and save them.,2.043,6,0,0,0
"Who's ""they""?",1.376,2,1,0,0
We started detecting gravitational anomalies almost 50 years ago.,3.794,9,0,0,0
Mostly small distortions to our instruments in the upper atmosphere.,3.627,10,0,0,0
"In fact, I believe you encountered one yourself.",3.127,8,0,0,0
"Yeah, over the Straights.",2.001,4,0,0,0
My crash. Something tripped my fly-by-wire.,3.043,6,0,0,0
Exactly.,1.209,1,0,0,0
"But of all these anomalies, the most significant is this:",4.92,10,0,0,0
Out near Saturn...,2.001,3,0,0,1
a disturbance of space-time.,2.084,4,0,0,0
- Is that a wormhole? - It appeared 48 years ago.,3.127,11,1,0,0
And it leads where?,1.917,4,1,0,0
Another galaxy.,1.626,2,0,0,0
A wormhole's not a naturally occurring phenomenon.,2.251,7,0,0,0
Someone placed it there.,1.417,4,0,0,0
"- ""They""? - Mm.",1.501,4,1,0,0
"And whoever they are, they appear to be looking out for us.",4.087,12,0,0,0
That wormhole lets us travel to other stars.,2.584,8,0,0,0
It came along right as we needed it.,1.918,8,0,0,0
They've put potentially habitable worlds right within our reach.,2.918,9,0,0,0
"Twelve, in fact, from our initial probes.",1.918,7,0,0,0
- You sent probes into that? - Mm-hm.,2.376,8,1,0,0
We sent people into it. Ten years ago.,3.002,8,0,0,0
The Lazarus missions.,1.668,3,0,0,0
Twelve possible worlds...,1.24,3,0,0,1
twelve Ranger launches carrying...,2.334,4,0,0,1
the bravest humans ever to live...,2.418,6,0,0,1
led by the remarkable Dr. Mann.,2.627,6,0,0,0
Each person's landing pod had enough life support for two years.,3.002,11,0,0,0
But they could use hibernation to stretch that...,1.959,8,0,0,1
making observations on organics over a decade or more.,3.211,9,0,0,0
"Their mission was to assess their world, and if it showed potential...",3.836,12,0,0,1
"then they could send out a signal, bed down for the long nap, wait to be rescued.",4.421,17,0,0,0
And what if the world didn't show promise?,2.043,8,1,0,0
Hence the bravery.,1.417,3,0,0,0
You don't have the resources to visit all 12.,2.543,9,0,0,0
No.,1.125,1,0,0,0
Data transmission back through the wormhole is rudimentary.,2.794,8,0,0,0
Simple binary pings on an annual basis give us,2.565,9,0,0,0
some clue as to which worlds have potential.,2.468,8,0,0,0
And one system shows promise.,1.793,5,0,0,0
"One. That's a bit of a long shot, isn't it?",2.543,10,1,0,0
One system with three potential worlds?,2.835,6,1,0,0
No long shot.,1.584,3,0,0,0
Okay.,1.125,1,0,0,0
So if we find a home...,2.334,6,0,0,1
- then what? - That's the long shot.,3.461,8,1,0,0
There's a Plan A and a Plan B.,3.211,8,0,0,0
Did you notice anything strange about the launch chamber?,2.961,9,1,0,0
This entire facility's a centrifuge.,2.918,5,0,0,0
Some kind of vehicle. A space station?,2.501,7,1,0,0
Both. Plan A.,1.751,3,0,0,0
How do you get it off the ground?,2.084,8,1,0,0
The first gravitational anomalies changed everything.,3.669,6,0,0,0
Suddenly we knew that harnessing gravity was real.,4.337,8,0,0,0
So I started working on a theory and we started building this station.,4.671,13,0,0,0
But you haven't solved it yet.,2.084,6,0,0,0
That's why there's Plan B.,1.542,5,0,0,0
The problem is gravity. How to get a viable amount of human life off the planet.,4.712,16,0,0,0
This is one way.,1.292,4,0,0,0
Plan B: a population bomb.,2.501,5,0,0,0
"Over 5,000 fertilized eggs weighing in at just under 900 kilos.",4.754,11,0,0,0
How would you raise them?,1.5,5,1,0,0
"With equipment on board, we incubate the first 10.",2.46,9,0,0,0
"After that, with surrogacy, the growth becomes exponential.",3.878,8,0,0,0
"Within 30 years, we could have a colony of hundreds.",3.294,10,0,0,0
The real difficulty with colonization is genetic diversity.,3.377,8,0,0,0
This takes care of that.,1.542,5,0,0,0
But what about the people here? You just...,2.459,8,1,0,1
give up on them?,1.333,4,1,0,0
My kids?,1.25,2,1,0,0
That's why Plan A is a lot more fun.,3.335,9,0,0,0
- How far have you got? - Almost there.,2.877,9,1,0,0
You're asking me to hang everything...,2.418,6,0,0,1
on an almost.,1.334,3,0,0,0
I'm asking you to trust me.,2.293,6,0,0,0
Find us a new home.,1.668,5,0,0,0
And by the time you return...,2.001,6,0,0,1
I will have solved the problem of gravity.,2.669,8,0,0,0
I give you my word.,1.584,5,0,0,0
Go away!,1.501,2,0,1,0
Murph.,1.042,1,0,0,0
"Go! If you're leaving, just go.",3.002,6,0,1,0
"This world was never enough for you, was it, Coop?",2.835,10,1,0,0
"What, because heading out there is what I feel like I was born to do?",3.753,15,1,0,0
And it excites me? Heh.,1.834,5,1,0,0
"No, that does not make it wrong.",2.46,7,0,0,0
It might.,1.125,2,0,0,0
Don't trust the right thing done for the wrong reason.,3.128,10,0,0,0
"The why of the thing, that's the foundation.",2.335,8,0,0,0
And the foundation's solid.,2.084,4,0,0,0
"We farmers, we sit here every year when the rains fail and we say:",5.004,14,0,0,0
"""Next year.""",1.25,2,0,0,0
"Well, next year ain't gonna save us, nor the one after that.",3.669,12,0,0,0
"This world's a treasure, Donald, but it's been telling us to leave for a while now.",4.128,16,0,0,0
"Mankind was born on Earth, it was never meant to die here.",3.795,12,0,0,0
"Tom will be all right, but you got to make things right with Murph.",3.21,14,0,0,0
I will.,1.042,2,0,0,0
Without making promises you don't know you can keep.,3.169,9,0,0,0
"You have to talk to me, Murph.",2.001,7,0,0,0
I need to fix this before I go.,2.126,8,0,0,0
Then I'll keep it broken so you have to stay.,2.877,10,0,0,0
"After you kids came along, your mom said something to me I never quite understood.",5.004,15,0,0,0
"She said, ""Now...",1.626,3,0,0,1
"we're just here to be memories for our kids.""",4.503,9,0,0,0
And I think that now I understand what she meant.,2.502,10,0,0,0
"Once you're a parent, you're the ghost of your children's future.",3.752,11,0,0,0
You said ghosts didn't exist.,2.168,5,0,0,0
"That's right, Murph.",1.5,3,0,0,0
"Murph, look at me.",1.333,4,0,0,0
I can't be your ghost right now.,2.502,7,0,0,0
I need to exist.,2.001,4,0,0,0
They chose me.,1.917,3,0,0,0
"Murph, they chose me. You saw. You're the one who led me to them.",3.962,14,0,0,0
That's exactly why you can't go.,2.502,6,0,0,0
I figured out the message.,1.96,5,0,0,0
- One word. Know what it is? - Murph.,3.21,9,1,0,0
"""Stay.""",1.334,1,0,0,0
"- It says, ""Stay,"" Dad. - Murph.",2.877,7,0,0,0
You don't believe me.,1.459,4,0,0,0
"Look at the books! Look at this. It says, ""Stay.""",2.793,10,0,1,0
"Why...? You're not listening! It says, ""Stay!""",2.96,7,1,1,1
"No, I'm coming back.",1.834,4,0,0,0
When?,1.334,1,1,0,0
"One for you, one for me.",2.46,6,0,0,0
"When I'm up there in hypersleep, or...",3.169,7,0,0,1
"traveling near the speed of light, or...",2.544,7,0,0,1
near a black hole...,2.126,4,0,0,1
time's gonna change for me. It's gonna run more slowly.,4.545,10,0,0,0
When we get back...,1.792,4,0,0,1
we're gonna compare.,1.417,3,0,0,0
- Time will run differently for us? - Yeah.,2.627,9,1,0,0
"By the time I get back, we might even be the same age, you and me.",4.671,16,0,0,0
"""What?"" Imagine that!",2.335,3,1,1,0
"Aw, Murph...",1.167,2,0,0,1
You have no idea when you're coming back.,2.627,8,0,0,0
No idea at all!,1.5,4,0,1,0
"Murph, don't... Don't make me leave like this.",2.126,8,0,0,1
"Come on, Murph!",1.501,3,0,1,0
"Don't make me leave like this, Murph!",2.335,7,0,1,0
Hey...,1.041,1,0,0,1
I love you.,1.333,3,0,0,0
Forever. You hear me?,1.917,4,1,0,0
"I love you forever, and I'm coming back.",3.211,8,0,0,0
I'm coming back.,1.334,3,0,0,0
- How'd it go? - Fine.,2.168,6,1,0,0
Just fine.,1.459,2,0,0,0
"I love you, Tom.",1.126,4,0,0,0
"- Travel safe, huh? - Yeah.",2.126,6,1,0,0
"You look after our place for me, all right?",2.251,9,1,0,0
- All right? - Uh-huh.,1.625,5,1,0,0
"Hey, can I use your truck while you're gone?",2.255,9,1,0,0
You mean your truck?,1.11,4,1,0,0
I'll make sure they bring it back.,1.625,7,0,0,0
"Look after my kids, Donald!",1.792,5,0,1,0
Go for main engine start. T-minus 10...,3.627,7,0,0,1
- Dad! - Nine... Dad!,3.502,5,0,1,1
Eight...,1.042,1,0,0,1
seven... Dad!,2.502,2,0,1,1
Six...,1.042,1,0,0,1
"five, main engine start, four...",2.918,5,0,0,1
three...,1.167,1,0,0,1
two...,1.125,1,0,0,1
one. Booster ignition and...,2.084,4,0,0,1
All engines look good. Beginning roll program.,2.46,7,0,0,0
Prepare for stage one separation.,2.835,5,0,0,0
Stage one.,1.042,2,0,0,0
There is Mach 1.,1.835,4,0,0,0
Everybody good? Plenty of slaves for my robot colony?,3.711,9,1,0,0
They gave him a humor setting so he'd fit in better with his unit.,3.294,14,0,0,0
He thinks it relaxes us.,1.668,5,0,0,0
A giant sarcastic robot.,2.793,4,0,0,0
What a great idea!,1.417,4,0,1,0
I have a cue light I can use when I'm joking if you like.,2.71,14,0,0,0
That'd probably help.,1.041,3,0,0,0
You can use it to find your way back to the ship after I blow you out the airlock.,3.92,19,0,0,0
"- What's your humor setting, TARS? - That's 100 percent.",3.002,10,1,0,0
"Let's bring it on down to 75, please.",1.793,8,0,0,0
Stage two separation.,1.834,3,0,0,0
All feeds going manual.,2.168,4,0,0,0
Going manual.,1.417,2,0,0,0
"Deactivate probe heater one, two and three.",2.167,7,0,0,0
Check.,1.042,1,0,0,0
- Taking control. - This is handover to you.,2.918,9,0,0,0
- A.D.F. check. - Over.,2.293,5,0,0,0
"Pull thrusters back. Fuel cells one, two, three.",3.67,8,0,0,0
One hundred percent.,1.334,3,0,0,0
Ex-mites.,1.834,1,0,0,0
It's hard leaving everything.,1.835,4,0,0,0
My kids. Your father.,2.501,4,0,0,0
We're going to be spending a lot of time together.,2.376,10,0,0,0
- We should learn to talk. - And when not to.,3.044,11,0,0,0
Just being honest.,1.542,3,0,0,0
I don't think you need to be that honest.,2.335,9,0,0,0
"Hey, TARS, what's your honesty parameter?",2.418,6,1,0,0
- Ninety percent. - Ninety percent?,2.626,6,1,0,0
"Absolute honesty isn't always the most diplomatic, nor the...",3.044,9,0,0,1
safest form of communication with emotional beings.,2.585,7,0,0,0
Okay.,1.459,1,0,0,0
"Ninety percent it is, Dr. Brand.",2.627,6,0,0,0
We are coming up on the Endurance. Twelve minutes out.,3.21,10,0,0,0
Okay. Taking control.,2.001,3,0,0,0
"Approaching module port, 500 meters.",2.877,5,0,0,0
"It's all you, Doyle.",1.125,4,0,0,0
"Nice and easy, Doyle. Nice and easy.",2.459,7,0,0,0
I feel good.,1.25,3,0,0,0
Take us home.,1.167,3,0,0,0
- Lock. - Target locked.,2.334,5,0,0,0
"- Well done. - Okay, helmets on.",1.834,7,0,0,0
Good job.,1.042,2,0,0,0
Door's not charging.,1.751,3,0,0,0
Never mind.,1.501,2,0,0,0
"Cooper, you should have control.",1.709,5,0,0,0
Control here.,1.501,2,0,0,0
Communication with ring module active.,2.627,5,0,0,0
"Oh, wow.",1.543,2,0,0,0
That's initiate.,1.167,2,0,0,0
- Are we ready to spin? - Just a sec.,2.502,10,1,0,0
"- Hello, CASE. - Hello, TARS.",2.334,6,0,0,0
"All right, we're all set.",1.917,5,0,0,0
"All right, let's do it.",1.501,5,0,0,0
Heh.,1.501,1,0,0,0
Thirty percent of spin.,1.292,4,0,0,0
One G.,1.334,2,0,0,0
How's gravity treating you back there?,2.001,6,1,0,0
Well.,1.167,1,0,0,0
"Romilly? Hey, you okay?",1.792,4,1,0,0
- Yeah. - You all right?,1.042,6,1,0,0
"Mm. Yeah, I just need a minute.",2.084,7,0,0,0
"We have some Dramamine in the hab pod, or maybe in the cryo-beds. I'll just be a sec.",4.671,18,0,0,0
"- Hey, Brand? - Yeah?",2.168,5,1,0,0
- Bring a lot. - Heh-heh-heh.,1.834,6,0,0,0
"Amelia, be safe.",2.877,3,0,0,0
"- Give my regards to Dr. Mann. - I will, Dad.",3.503,11,0,0,0
It looks good for your trajectory.,1.917,6,0,0,0
We've calculated two years to Saturn.,3.336,6,0,0,0
That's a lot of Dramamine.,1.5,5,0,0,0
"Look after my family, will you, please, sir?",2.46,8,1,0,0
We'll be waiting for you when you get back.,2.794,9,0,0,0
"A little older, a little wiser, but happy to see you.",3.836,11,0,0,0
Do not go gentle into that good night,3.336,8,0,0,0
Old age should burn and rave at close of day,4.045,10,0,0,0
"Rage, rage against the dying of the light",4.962,8,0,0,0
Though wise men at their end Know dark is right,3.795,10,0,0,0
Because their words had forked No lightning they,2.877,8,0,0,0
Do not go gentle into that good night,3.544,8,0,0,0
"Rage, rage against the dying of the light",4.336,8,0,0,0
- You good? - Yeah.,1.668,5,1,0,0
"Okay, thank you.",1.501,3,0,0,0
Here. Pills.,1.334,2,0,0,0
So alone.,1.417,2,0,0,0
We have each other. Dr. Mann had it worse.,1.96,9,0,0,0
"No, I mean them.",1.376,4,0,0,0
Hm?,1.125,1,1,0,0
"it's a perfect planet, and we won't find another one like her.",3.294,12,0,0,0
"No, it's not like looking for a new condo.",3.253,9,0,0,0
The human race is going to be...,2.168,7,0,0,1
adrift...,1.042,1,0,0,1
desperate for a rock it can cling to while it catches its breath.,3.502,13,0,0,0
We need to find that rock.,1.834,6,0,0,0
And our three prospects are at the edge of what...,2.71,10,0,0,1
might sustain human life.,1.876,4,0,0,0
Laura Miller's planet is first.,2.46,5,0,0,0
- Laura started our biology program. Mm-hm.,2.126,7,0,0,0
"- Uh, Wolf Edmunds is here. - Tell me about Edmunds.",3.169,11,0,0,0
"Oh, uh, Wolf's a particle physicist.",2.752,6,0,0,0
"None of them had families, huh?",2.334,6,1,0,0
No. No attachments. My father insisted.,2.877,6,0,0,0
They all knew the odds against ever seeing another human being again.,3.544,12,0,0,0
I'm hoping we can surprise at least three of them.,1.96,10,0,0,0
- How about Mann? - Dr. Mann?,1.917,7,1,0,0
He's remarkable. He's the best of us.,1.918,7,0,0,0
He inspired 11 people to follow him on the loneliest journey in human history.,4.378,14,0,0,0
"Scientists, explorers.",1.584,2,0,0,0
"That's what I love. You know, out there we face great odds.",4.086,12,0,0,0
"Death, but...",1.417,2,0,0,1
not evil.,1.334,2,0,0,0
You don't think nature can be evil?,1.751,7,1,0,0
No. Formidable. Frightening. But...,2.669,4,0,0,1
"- no, not evil. - Hm.",2.001,6,0,0,0
Is a lion evil because it rips a gazelle to shreds?,3.211,11,1,0,0
"Just what we take with us, then.",2.001,7,0,0,0
Yeah.,1.042,1,0,0,0
This crew represents the best of humanity.,2.085,7,0,0,0
"Even me, huh?",1.166,3,1,0,0
"You know what? We agreed, 90 percent.",2.001,7,1,0,0
There you go.,1.083,3,0,0,0
- Don't stay up. - I'll be there in a minute.,2.376,11,0,0,0
"Just remember, Coop, you are literally wasting your breath.",4.044,9,0,0,0
"Hey, TARS? Let's go over that trajectory one more time.",3.169,10,1,0,0
Eight months to Mars.,1.668,4,0,0,0
Counter-orbital slingshot around. Fourteen months to Saturn.,2.835,7,0,0,0
Nothing's changed on that.,1.417,4,0,0,0
Just let me ask you something.,2.084,6,0,0,0
Dr. Brand and Edmunds...,1.204,4,0,0,1
Why are you whispering? They can't hear you.,2.244,8,1,0,0
Dr. Brand and Edmunds. They close?,3.002,6,1,0,0
I wouldn't know.,1.417,3,0,0,0
"Is that 90 percent ""wouldn't know"" or 10 percent ""wouldn't know""?",3.002,11,1,0,0
"- I also have a discretion setting, Cooper. - Aah.",3.127,10,0,0,0
"But not a poker face, Slick.",2.168,6,0,0,0
"Hey, guys.",1.251,2,0,0,0
"Uh, Dad's about to go down for the long nap.",3.085,10,0,0,0
So I wanted to give you an update.,2.626,8,0,0,0
Uh...,1.125,1,0,0,1
The Earth looks amazing from here. Um...,3.712,7,0,0,1
You can't see any of the dust. Heh.,2.835,8,0,0,0
"Um, I really hope you guys are doing great.",4.128,9,0,0,0
I know you'll get this message. Professor Brand's assured me he'll get it to you.,4.253,15,0,0,0
Know that I love you.,2.043,5,0,0,0
"- Is it him? - I don't think so, Murph.",2.334,10,1,0,0
You must be Donald.,1.668,4,0,0,0
"Hello, Murph.",1.167,2,0,0,0
Why are you in my dad's truck?,2.001,7,1,0,0
He wanted me to bring it for your brother.,2.168,9,0,0,0
He sent you a message.,2.168,5,0,0,0
She's pretty upset with him for leaving.,2.001,7,0,0,0
"If you record any messages, I can get them to transmit it to Cooper.",4.086,14,0,0,0
Murph is a bright spark.,2.668,5,0,0,0
Maybe I should fan the flame.,2.543,6,0,0,0
She's already making fools of her teachers.,2.585,7,0,0,0
So maybe she should come and make a fool out of you.,2.835,12,0,0,0
- So where are they? - Heading for Mars.,2.835,9,1,0,0
"The next time you hear from Cooper, they'll be coming up on Saturn.",4.003,13,0,0,0
As far as school goes...,1.72,5,0,0,1
the administration wants me to repeat Plant Pathology. Which sucks.,3.169,10,0,0,0
But they said I could start Advanced Agriculture a year early.,3.21,11,0,0,0
"All right, I got to go, Dad. Hope you're safe up there.",3.877,12,0,0,0
"Um, sorry, Coop.",1.584,3,0,0,0
"I asked Murph to say hi, but she's as stubborn as her old man.",4.837,14,0,0,0
I'll try again next time.,1.834,5,0,0,0
"You all right, Rom?",1.584,4,1,0,0
"This gets to me, Cooper.",1.834,5,0,0,0
This. This.,1.667,2,0,0,0
"Millimeters of aluminum, that's it, and then nothing...",2.877,8,0,0,1
out there for millions of miles won't kill us in seconds.,3.962,11,0,0,0
You know that some of the finest...,1.918,7,0,0,1
solo yachtsmen in the world don't know how to swim?,3.836,10,1,0,0
"They don't know how. And if they go overboard, psst, they're done.",3.169,12,0,0,0
"We're explorers, Rom.",1.96,3,0,0,0
This is our boat.,1.709,4,0,0,0
Here.,1.125,1,0,0,0
"This is from the, uh, relay probe?",1.751,7,1,0,0
It was in orbit around the wormhole.,2.043,7,0,0,0
"This is the wormhole, and every time we'd come around...",3.044,10,0,0,1
we would receive images from the other side of the foreign galaxy.,3.21,12,0,0,0
"Oh, yeah. Like swinging a periscope around.",2.126,7,0,0,0
Exactly.,1.083,1,0,0,0
"So we got a pretty good idea what we're gonna find on the other side, huh?",4.504,16,1,0,0
Navigationally.,1.334,1,0,0,0
Guys? We'll be approaching the wormhole in about three hours.,3.753,10,1,0,0
"Hey, Coop?",1.041,2,1,0,0
Can we stop the spinning?,1.751,5,1,0,0
Why?,1.083,1,1,0,0
Because we're close enough to see it now?,2.335,8,1,0,0
All right.,1.125,2,0,0,0
Thanks.,1.083,1,0,0,0
"There, that's it! That's the wormhole!",1.959,6,0,1,0
"Say it, don't spray it, Rom.",1.793,6,0,0,0
It's a sphere.,1.292,3,0,0,0
"Of course it is. What, you...? You thought it would just be a hole?",3.961,14,1,0,1
"No, it's just that all the illustrations I've ever seen, they...",3.085,11,0,0,1
"In the illustrations, they're trying to show you how it works.",3.086,11,0,0,0
So they say you want to go from here to there.,3.836,11,0,0,0
"- But it's too far, right? - Mm-hm.",2.544,8,1,0,0
"So a wormhole bends space like this, so you can take a shortcut through...",4.795,14,0,0,1
a higher dimension.,1.584,3,0,0,0
"Okay, so...",1.459,2,0,0,1
"to show that, they've turned three-dimensional",2.412,6,0,0,0
space into two dimensions...,1.495,4,0,0,1
"which turns a wormhole into two dimensions, a circle.",3.962,9,0,0,0
What's a circle in three dimensions?,2.252,6,1,0,0
- A sphere. - Exactly.,1.501,5,0,0,0
A spherical hole.,1.5,3,0,0,0
But who put it there? Who do we have to thank?,2.836,11,1,0,0
"I'm not thanking anybody until we get out of here in one piece, Rom.",4.67,14,0,0,0
"Any trick to this, Doyle?",1.417,5,1,0,0
No one knows.,1.668,3,0,0,0
"The others made it, right?",1.667,5,1,0,0
At least some of them.,1.667,5,0,0,0
Everybody ready to say goodbye to our solar system?,3.169,9,1,0,0
To our galaxy.,2.001,3,0,0,0
Here we go.,1.042,3,0,0,0
The controls won't work here. We're passing through the bulk.,3.502,10,0,0,0
It's space beyond our three dimensions. All you can do is record and observe.,4.42,14,0,0,0
What is that?,1.042,3,1,0,0
I think it's them.,1.834,4,0,0,0
Distorting space-time.,1.834,2,0,0,0
Don't! Don't!,1.084,2,0,1,0
What was that?,1.25,3,1,0,0
The first handshake.,1.501,3,0,0,0
We're...,1.042,1,0,0,1
We're here.,1.334,2,0,0,0
So the lost communications came through.,2.251,6,0,0,0
- How? - The relay on this side cached them.,2.877,10,1,0,0
So years of basic data. No real surprises.,3.545,8,0,0,0
"Miller's site has kept pinging thumbs up, as has Dr. Mann's. Um...",3.836,12,0,0,1
Edmunds' went down three years ago.,2.126,6,0,0,0
Transmitter failure?,1.209,2,1,0,0
Maybe. He was sending the thumbs up right until it went dark.,3.002,12,0,0,0
"But Miller's still looks good though, right?",1.76,7,1,0,0
- Because she's coming up fast. Mm-hm.,2.293,7,0,0,0
With one complication.,2.001,3,0,0,0
The planet is much closer to Gargantua than we thought.,3.002,10,0,0,0
- Gargantua? - It's what we're calling the black hole.,2.668,10,1,0,0
Miller's and Dr. Mann's planets both orbit it.,2.293,8,0,0,0
- And Miller's is on the horizon? - As a basketball around a hoop.,3.21,14,1,0,0
Landing there takes us dangerously close.,2.001,6,0,0,0
And a black hole that big has a huge gravitational pull.,3.252,11,0,0,0
"Look, I could swing around that neutron star to decelerate.",3.002,10,0,0,0
"No, it's not that. It's time.",1.876,6,0,0,0
The gravity on that planet will slow our clock compared to Earth's drastically.,4.504,13,0,0,0
How bad?,1.166,2,1,0,0
Every hour we spend on that planet will be...,3.544,9,0,0,1
seven years back on Earth.,2.168,5,0,0,0
Jesus.,1.042,1,0,0,0
"Well, that's relativity, folks.",1.668,4,0,0,0
"Well, we can't just drop down there without...",2.46,8,0,0,1
"Cooper, we have a mission.",1.876,5,0,0,0
"Yeah, Doyle, we have a mission, and our mission Plan A is...",2.585,12,0,0,1
to find a planet that can habitate the people that are living on Earth now.,3.169,15,0,0,0
You can't just think about your family. Now you have to think bigger.,2.835,13,0,0,0
"I am thinking about my family and millions of other families, okay?",3.21,12,1,0,0
Plan A does not work if the people on Earth are dead by the time we pull it off.,4.253,19,0,0,0
No. It doesn't.,1.668,3,0,0,0
That's why there's a Plan B.,1.668,6,0,0,0
Okay. Cooper's right.,1.501,3,0,0,0
"We need to think of time as a resource, like",1.973,10,0,0,0
oxygen and food. Going down will cost us.,1.852,8,0,0,0
"All right, look.",1.167,3,0,0,0
"Dr. Mann's data is promising, but it will take months to get there.",3.461,13,0,0,0
"And Edmunds', it's even further.",2.21,5,0,0,0
"Miller hasn't sent much, but what she has is",2.073,9,0,0,0
"very promising. it's water, it's organics...",2.085,6,0,0,1
"- You don't find that every day. - No, you don't.",2.168,11,0,0,0
"And just think about the resources, including time...",2.335,8,0,0,1
that would be spent trying to get back here.,2.501,9,0,0,0
- Romilly... - Yeah?,1.793,4,1,0,1
How far off from Miller's planet do we have to be to stay out of the time shift?,3.836,18,1,0,0
Just back from the cusp.,1.667,5,0,0,0
"All right, which is here, just outside of Miller's planet.",2.96,10,0,0,0
- Right. - Okay.,1.792,4,0,0,0
Here's Gargantua. Here's Miller's planet.,2.793,5,0,0,0
Instead of taking the Endurance into orbit around Miller's planet...,3.169,10,0,0,1
"which would conserve fuel, but we would lose a lot of time...",2.877,12,0,0,1
"what if we take a wider orbit around Gargantua, parallel with Miller's planet...",4.086,13,0,0,1
"outside of this time shift, to here?",2.501,7,1,0,0
"Then we take the Ranger down, we get Miller, we get her samples.",2.794,13,0,0,0
"We come back, we analyze, we debrief. We're in, we're out.",2.71,11,0,0,0
"We lose a little fuel, but we save a whole lot of time.",2.335,13,0,0,0
- That'll work. - That's good.,1.834,6,0,0,0
There's no time for monkey business or chit-chat down there.,2.46,10,0,0,0
"So, TARS, you should definitely stay here.",2.794,7,0,0,0
"CASE, you're with me. Anyone else can stay.",2.251,8,0,0,0
"If we're talking about a couple years, I could use the time to research gravity.",3.586,15,0,0,0
"Observations from the wormhole, that's gold to Professor Brand.",2.96,9,0,0,0
"TARS, factor an orbit of Gargantua.",1.68,6,0,0,0
"Conserve fuel, minimize thrusting, but make sure we stay in range of Miller's planet.",4.754,14,0,0,0
- You got it? - I wouldn't leave you behind...,2.544,10,1,0,1
Dr. Brand.,1.042,2,0,0,0
"- You ready, CASE? - Yup.",1.626,6,1,0,0
"- You don't say much, do you? - TARS talks plenty for both of us.",3.503,15,1,0,0
Detach.,1.042,1,0,0,0
"- Romilly, are you reading these forces? it's unbelievable.",2.96,9,1,0,0
A literal heart of darkness.,2.126,5,0,0,0
If we could just see the collapsed star inside...,2.71,9,0,0,1
"the singularity, yeah, we'd solve gravity.",2.752,6,0,0,0
- And we can't get anything from it? - Nothing escapes that horizon.,3.294,13,1,0,0
Not even light.,1.334,3,0,0,0
"The answer's there, just no way to see it.",2.177,9,0,0,0
There's Miller's planet.,1.313,3,0,0,0
"Goodbye, Ranger.",1.333,2,0,0,0
This is fast for atmospheric entry.,2.293,6,0,0,0
- Should we use the thrusters to slow? - No.,2.251,10,1,0,0
I'm gonna use the Ranger's aerodynamics to save some fuel.,3.335,10,0,0,0
Air brake?,1.209,2,1,0,0
"- We want to get down fast, don't we? - We want to get there in one piece.",3.544,18,1,0,0
"- Hang on. - Brand, Doyle, get ready.",3.002,8,0,0,0
- We should ease! - Hands where I can see them.,2.501,11,0,1,0
The only time I went down was when a machine was easing at the wrong time.,3.336,16,0,0,0
A little caution...,0.877,3,0,0,1
"Can get you killed, like reckless driving.",1.946,7,0,0,0
"- Cooper, it's too damn fast! - I got this.",2.167,10,0,1,0
- Should I disable the feedback? - No. I need to feel the air.,4.003,14,1,0,0
Here we go.,1.166,3,0,0,0
It's just water!,1.292,3,0,1,0
The stuff of life.,1.5,4,0,0,0
Twelve hundred meters.,1.417,3,0,0,0
- Do we have a fix on the beacon? - Got it!,2.043,12,1,1,0
- Can you maneuver? - I'll need to shave some speed.,2.626,11,1,0,0
I'm gonna spiral down on top of it. Everybody hang on!,2.627,11,0,1,0
Seven hundred.,1.041,2,0,0,0
"On my cue, CASE. On my cue.",2.001,7,0,0,0
Five hundred meters.,1.501,3,0,0,0
Fire!,1.042,1,0,1,0
Very graceful.,1.084,2,0,0,0
No.,1.083,1,0,0,0
But very efficient.,2.084,3,0,0,0
What are you waiting for? Let's go!,2.209,7,1,1,0
"Go, go, go!",1.918,3,0,1,0
Seven years per hour here. Let's make it count!,3.252,9,0,1,0
This way.,1.25,2,0,0,0
About 200 meters.,1.751,3,0,0,0
The gravity's punishing.,1.626,3,0,0,0
Been floating through space too long?,2.126,6,1,0,0
One hundred and thirty percent Earth gravity.,2.043,7,0,0,0
Come on. Come on.,2.001,4,0,0,0
- There's nothing here. - Should be right here.,2.835,9,0,0,0
"If the signal's coming from here, then...",3.002,7,0,0,1
Her beacon.,1.167,2,0,0,0
Wreckage.,1.042,1,0,0,0
Where's the rest?,1.167,3,1,0,0
Towards the mountains!,1.5,3,0,1,0
Those aren't mountains.,1.835,3,0,0,0
They're waves.,1.334,2,0,0,0
"Oh, shit. Oh, shit. Oh, shit.",2.669,6,0,0,0
That one's moving away from us.,2.001,6,0,0,0
We need the recorder.,1.667,4,0,0,0
"Brand, Doyle, back to the Ranger now!",2.251,7,0,1,0
We're not leaving without her data.,3.377,6,0,0,0
Get back here now!,1.334,4,0,1,0
We do not have time!,1.709,5,0,1,0
The second wave is coming! We're in the middle of a swell.,2.46,12,0,1,0
"No, I got it.",1.417,4,0,0,0
Get your ass back to the Ranger now!,2.001,8,0,1,0
"Brand, get back here now!",2.043,5,0,1,0
"No, Cooper, go. Cooper, go. I can't make it.",2.21,9,0,0,0
"- Go! - CASE, go get her.",2.376,7,0,1,0
"- Go! - Get up. Get up, Brand!",2.001,8,0,1,0
"Go, go! Go!",1.501,3,0,1,0
"- I'm not gonna make it! - Yes, you are. Yes, you are!",2.835,13,0,1,0
"Come on, CASE has her! Get back here, Doyle!",2.293,9,0,1,0
Come on!,1.083,2,0,1,0
Get to the hatch!,1.417,4,0,1,0
"Go, go! Go!",1.501,3,0,1,0
Shit.,1.083,1,0,0,0
Manually overriding inside hatch!,1.834,4,0,1,0
Cooper! Wait!,1.166,2,0,1,0
The engines are flooded! I'm gonna have to shut her down.,3.669,11,0,1,0
Holy shit.,1.333,2,0,0,0
Hang on!,1.334,2,0,1,0
"CASE, what's the problem?",1.251,4,1,0,0
Too waterlogged. Let it drain.,2.418,5,0,0,0
Goddamn it!,1.208,2,0,1,0
- I told you to leave me! Why didn't you? - And I told you to get your ass back here!,4.67,21,1,1,0
- One of us was thinking about the mission! - You were thinking about getting home.,4.671,16,0,1,0
I was trying to do the right thing!,2.334,8,0,1,0
Can you tell that to Doyle?,1.96,6,1,0,0
"- CASE, how much time? - Forty-five to an hour.",2.167,10,1,0,0
"The stuff of life, huh?",1.334,5,1,0,0
"What's this gonna cost us, Brand?",2.168,6,1,0,0
A lot. Decades.,1.959,3,0,0,0
What happened to Miller?,1.333,4,1,0,0
"Judging by the wreckage, she was...",2.752,6,0,0,1
broken up by a wave soon after impact.,2.626,8,0,0,0
"How's the wreckage stayed together after all these years, huh?",2.835,10,1,0,0
Because of the time slippage.,2.001,5,0,0,0
"On this planet's time, she just landed hours ago.",4.503,9,0,0,0
She probably just died minutes ago.,2.376,6,0,0,0
The data Doyle received was just the initial status echoing endlessly.,4.045,11,0,0,0
"Oh, we are not prepared for this.",2.168,7,0,0,0
You eggheads have the survival skills of a Boy Scout troop.,3.461,11,0,0,0
"Well, we got this far on our brains. Farther than any human in history.",3.252,14,0,0,0
"Well, not far enough!",1.584,4,0,1,0
And now we're stuck here till there won't be anyone left on Earth to save.,3.503,15,0,0,0
"I'm counting every minute, same as you, Cooper.",2.668,8,0,0,0
Is there any possibility...,1.835,4,0,0,1
some kind of a way we can maybe all jump in a black hole?,3.628,14,1,0,0
Gain back the years?,1.667,4,1,0,0
Don't shake your head at me.,1.5,6,0,0,0
"Time is relative, okay?",2.001,4,1,0,0
"It can stretch and it can squeeze, but...",3.043,8,0,0,1
it can't run backwards. it just can't.,2.21,7,0,0,0
"The only thing that can move across dimensions, like time, is gravity.",4.42,12,0,0,0
Okay.,1.167,1,0,0,0
"The beings that led us here, they communicate...",3.877,8,0,0,1
"- through gravity, right? - Yes.",1.834,6,1,0,0
Could they be talking to us from the future?,2.168,9,1,0,0
- Maybe. - Okay. If they can...,2.251,7,0,0,1
"""They"" are beings of five dimensions.",3.252,6,0,0,0
"To them, time might be another physical dimension.",3.336,8,0,0,0
To them...,1.334,2,0,0,1
the past might be a canyon that they can climb into and the future...,4.17,14,0,0,1
"a mountain they can climb up. But to us, it's not, okay?",3.002,12,1,0,0
"Look, Cooper, I screwed up. I'm sorry.",2.418,7,0,0,0
But you knew about relativity.,1.751,5,0,0,0
Oh.,1.333,1,0,0,0
Brand...,1.167,1,0,0,1
My daughter was 10 years old.,1.918,6,0,0,0
I couldn't teach her Einstein's theories before I left.,2.794,9,0,0,0
Couldn't you have told her you were going to save the world?,2.835,12,1,0,0
No.,1.041,1,0,0,0
"When you become a parent, one thing becomes really clear.",4.17,10,0,0,0
And that is that you want to make sure your children feel safe.,3.169,13,0,0,0
And it rules out telling a 10-year-old that the world is ending.,3.752,12,0,0,0
Cooper?,1.376,1,1,0,0
"- How long for the engines, CASE? - A minute or two.",2.501,12,1,0,0
We don't have it. Helmets on!,2.084,6,0,1,0
"Brand, co-pilot, you're up.",1.792,4,0,0,0
"CASE, blow the cabin oxygen through the main thrusters!",2.502,9,0,1,0
- We're gonna spark it. - Roger that.,1.709,8,0,0,0
- Locked. - Depressurizing.,1.333,4,0,0,0
Engines up!,1.25,2,0,1,0
"Hello, Rom.",1.5,2,0,0,0
I've waited years.,1.667,3,0,0,0
How...? How many years?,1.834,4,1,0,1
- By now it must be... Twenty-three years...,2.96,8,0,0,1
"four months, eight days.",1.709,4,0,0,0
Doyle?,1.167,1,1,0,0
I thought I was prepared. I knew the theory.,3.002,9,0,0,0
Reality's different.,1.5,2,0,0,0
And Miller?,1.167,2,1,0,0
There's nothing here for us.,2.001,5,0,0,0
Why didn't you sleep?,1.5,4,1,0,0
"Oh, I had a couple of stretches. But I stopped believing you were coming back.",4.087,15,0,0,0
And something seemed wrong about dreaming my life away.,3.002,9,0,0,0
I learned what I could from the black hole...,2.835,9,0,0,1
but I couldn't send anything to your father.,2.46,8,0,0,0
"We've been receiving, but nothing gets out.",2.251,7,0,0,0
"- Is he alive? - Oh, yeah.",2.084,7,1,0,0
- Yeah? - Yeah.,1.793,4,1,0,0
We've got years of messages stored.,3.002,6,0,0,0
Cooper.,1.167,1,0,0,0
Messages span 23 years.,3.002,4,0,0,0
Play it from the beginning.,1.667,5,0,0,0
"Hey, Dad.",1.709,2,0,0,0
Checking in. Saying hi.,2.418,4,0,0,0
Um... Finished second in school.,3.461,5,0,0,1
Miss Kurling's still giving me C's though.,2.418,7,0,0,0
"Pulled me down, but second's not bad.",2.835,7,0,0,0
Grandpa attended the ceremony.,2.167,4,0,0,0
Um... Oh.,2.001,2,0,0,1
"I met another girl, Dad.",1.96,5,0,0,0
"I, uh...",1.584,2,0,0,1
I really think this is the one.,2.001,7,0,0,0
Name's Lois. That's her right there.,2.585,6,0,0,0
Murphy stole Grandpa's car.,2.001,4,0,0,0
"She crashed it. She's okay, though.",2.668,6,0,0,0
"Hey, Dad.",1.083,2,0,0,0
Look at this!,1.333,3,0,1,0
You're a grandpa.,1.5,3,0,0,0
His name's Jesse.,1.667,3,0,0,0
"I kind of wanted to call him Coop, but Lois says, uh, maybe next time.",4.587,15,0,0,0
"Donald says he's already earned the ""great"" part, so we just leave it at that.",4.42,15,0,0,0
"Oh, dear. Oh, dear.",1.792,4,0,0,0
"Say ""Bye-bye, Grandpa.""",1.625,3,0,0,0
"Bye-bye, Grandpa. Okay.",1.834,3,0,0,0
Sorry it's been a while.,2.502,5,0,0,0
Just...,1.042,1,0,0,1
what with Jesse and all.,2.001,5,0,0,0
Uh...,1.5,1,0,0,1
Grandpa died last week.,2.334,4,0,0,0
We buried him out in the back forty next to Mom and...,3.086,12,0,0,1
Jesse.,1.083,1,0,0,0
Which is where we would have buried you if you'd ever...,3.085,11,0,0,1
come back.,1.501,2,0,0,0
Murph was there at the funeral.,2.251,6,0,0,0
"We don't see her that much, but she came for that.",2.752,11,0,0,0
"You aren't listening to this, I know that.",2.418,8,0,0,0
"All these messages are just, like...",2.751,6,0,0,1
drifting out there in the darkness.,3.67,6,0,0,0
"Lois says that, uh...",2.335,4,0,0,1
I have to let you go.,2.752,6,0,0,0
"And, uh...",1.834,2,0,0,1
so...,1.083,1,0,0,1
I guess I'm letting you go.,3.085,6,0,0,0
"I don't know where you are, Dad...",2.669,7,0,0,1
but I hope that you're at peace.,2.627,7,0,0,0
Goodbye.,1.084,1,0,0,0
"Hey, Dad.",1.25,2,0,0,0
"Hey, Murph.",1.167,2,0,0,0
You son of a bitch.,1.917,5,0,0,0
I never made one of these when you were still responding...,2.502,11,0,0,1
because I was so mad at you for leaving.,2.334,9,0,0,0
"And then when you went quiet, it...",2.084,7,0,0,1
seemed like I should live with that decision. And I have.,2.835,11,0,0,0
But today's my birthday.,2.418,4,0,0,0
"And it's a special one, because you told me...",3.169,9,0,0,1
"You once told me that when you came back, we might be the same age.",4.337,15,0,0,0
And today I'm the age you were when you left.,3.085,10,0,0,0
So it would be a real good time for you to come back.,2.085,13,0,0,0
I didn't mean to intrude. It's just that I've never seen you in here before.,4.295,15,0,0,0
I've never been in here before.,2.168,6,0,0,0
I talk to Amelia all the time.,3.002,7,0,0,0
It helps.,1.334,2,0,0,0
- I'm glad you've started. - I haven't. I...,2.752,9,0,0,1
I just had something I needed to get out.,2.501,9,0,0,0
- I know they're still out there. - I know.,2.418,10,0,0,0
There are so many reasons their,1.683,6,0,0,0
communications might not be getting through.,2.516,6,0,0,0
"I know, professor.",1.417,3,0,0,0
I'm not sure what I'm more afraid of.,2.919,8,0,0,0
Them never coming back or...,2.335,5,0,0,1
coming back to find we've failed.,3.21,6,0,0,0
Then let's succeed.,1.417,3,0,0,0
So...,1.041,1,0,0,1
back to the fourth iteration. Let's run it through some new fields.,4.003,12,0,0,0
"With respect, professor, we've tried that hundreds of times.",3.169,9,0,0,0
"It only has to work once, Murph.",3.669,7,0,0,0
Every rivet that they strike could have been a bullet.,3.878,10,0,0,0
We've done well for the world here...,2.001,7,0,0,1
whether or not we crack the equation before I kick the bucket.,4.753,12,0,0,0
"- Don't be morbid, professor. - I'm not afraid of death.",2.877,11,0,0,0
I'm an old physicist.,1.834,4,0,0,0
I'm afraid of time.,1.667,4,0,0,0
Time.,1.167,1,0,0,0
You're afraid of time.,1.667,4,0,0,0
We've been trying to solve the equation...,2.001,7,0,0,1
without changing the underlying assumption about time.,2.501,7,0,0,0
- And? - And that means...,1.709,6,1,0,1
each iteration is an attempt to prove its own proof.,4.462,10,0,0,0
It's recursive. It's nonsensical.,2.126,4,0,0,0
Are you calling my life's work...,1.917,6,0,0,1
"nonsense, Murph?",1.709,2,1,0,0
"No, I'm saying that you've been trying to...",2.043,8,0,0,1
"finish it with one arm... No, with both arms... tied behind your back.",3.794,13,0,0,1
And I don't understand why.,2.001,5,0,0,0
"I'm an old man, Murph.",1.834,5,0,0,0
Can we take this point up at another time?,2.626,9,1,0,0
I want to talk to my daughter.,2.126,7,0,0,0
Stepping out into the universe...,2.46,5,0,0,1
we must confront the reality of interstellar travel.,3.794,8,0,0,0
We must reach far beyond our own lifespans.,4.545,8,0,0,0
We must think not as individuals but as a species.,5.129,10,0,0,0
Do not go gentle into that good night,2.627,8,0,0,0
TARS kept the Endurance right where we needed her.,2.585,9,0,0,0
But the trip took years longer than we anticipated.,2.794,9,0,0,0
"We no longer have the fuel to visit both prospects, so...",3.503,11,0,0,1
we have to choose.,1.5,4,0,0,0
But how?,1.125,2,1,0,0
They're both promising.,1.668,3,0,0,0
"Edmunds' data is better, but Dr. Mann is the one still transmitting, so...",4.503,13,0,0,1
We've no reason to suspect Edmunds's data would have soured.,2.919,10,0,0,0
His world has key elements to sustain human life.,2.502,9,0,0,0
"- As does Dr. Mann's. - Cooper, this is my field.",3.169,11,0,0,0
And...,1.042,1,0,0,1
I really believe Edmunds' is the better prospect.,2.167,8,0,0,0
"- Why? - Gargantua, that's why.",3.336,6,1,0,0
"Look at Miller's planet. Hydrocarbons, organics, yes...",4.045,7,0,0,1
but no life. Sterile. We'll find the same thing on Mann's.,4.42,11,0,0,0
Because of the black hole?,1.667,5,1,0,0
Murphy's Law. Whatever can happen will happen.,3.044,7,0,0,0
Accident is the first building block of evolution.,2.334,8,0,0,0
But when you're orbiting a black hole not enough can happen.,2.835,11,0,0,0
"It sucks in asteroids and comets, other events which would otherwise reach you.",4.295,13,0,0,0
We need to go further afield.,1.835,6,0,0,0
You once said that Dr. Mann...,2.335,6,0,0,1
was the best of us.,1.501,5,0,0,0
He's remarkable. We're only here because of him.,3.168,8,0,0,0
And yet... Yet here he is.,1.834,6,0,0,1
"He's on the ground, and he's sending a very unambiguous message, telling us...",4.962,13,0,0,1
to come to his planet.,1.709,5,0,0,0
"Granted, but Edmunds' data is more promising.",4.628,7,0,0,0
We should vote.,1.042,3,0,0,0
"Well, if we vote, there's something you should know.",2.167,9,0,0,0
Brand?,1.041,1,1,0,0
He has a right to know.,1.667,6,0,0,0
That has nothing to do with it.,1.751,7,0,0,0
- What does? - She's in love with Wolf Edmunds.,3.043,10,1,0,0
- Is that true? - Yes.,2.543,6,1,0,0
And that makes me want to follow my heart.,2.71,9,0,0,0
But maybe we've spent too long trying to figure all this out with theory.,3.669,14,0,0,0
"You're a scientist, Brand.",1.417,4,0,0,0
So listen to me...,1.542,4,0,0,1
when I say that love isn't something we invented. It's...,4.712,10,0,0,1
"observable, powerful.",2.335,2,0,0,0
It has to mean something.,1.709,5,0,0,0
"Love has meaning, yes. Social utility, social bonding, child rearing...",4.379,10,0,0,1
We love people who have died. Where's the social utility in that?,3.502,12,1,0,0
None.,1.042,1,0,0,0
"Maybe it means something more, something we can't...",3.878,8,0,0,1
yet understand.,2.042,2,0,0,0
"Maybe it's some evidence, some...",3.461,5,0,0,1
artifact of a higher dimension that we can't consciously perceive.,4.462,10,0,0,0
I'm drawn across the universe to someone I haven't seen in a decade...,4.795,13,0,0,1
who I know is probably dead.,2.835,6,0,0,0
Love is the one thing we're capable of perceiving...,3.336,9,0,0,1
that transcends dimensions of time and space.,2.836,7,0,0,0
"Maybe we should trust that, even if we can't understand it yet.",4.336,12,0,0,0
"All right, Cooper...",1.668,3,0,0,1
yes...,1.292,1,0,0,1
the tiniest possibility of seeing Wolf again excites me.,3.336,9,0,0,0
That doesn't mean I'm wrong.,1.668,5,0,0,0
"Honestly, Amelia...",2.167,2,0,0,1
it might.,1.167,2,0,0,0
"TARS, chart a course for Dr. Mann's.",2.71,7,0,0,0
We'll lose about a third again.,1.459,6,0,0,0
But next year...,1.542,3,0,0,1
Next year I'm gonna work Nelson's farm and we'll make it up.,2.835,12,0,0,0
What happened to Nelson?,1.834,4,1,0,0
"Murph, would you like some more soufflé?",2.21,7,1,0,0
"Oh, no. I'm full, thanks. It was delicious.",3.378,8,0,0,0
"Coop, finish your fritter, please.",2.001,5,0,0,0
Will you spend the night? Your room is exactly as you left it. it's ready.,3.712,15,1,0,0
I need to get back.,1.376,5,0,0,0
"My sewing machine is in there, but there's plenty...",2.543,9,0,0,1
I need to...,1.292,3,0,0,1
Too many memories.,1.543,3,0,0,0
"We might have something for that. Hey, Coop.",2.794,8,0,0,0
The dust.,1.292,2,0,0,0
"Lois, I have a friend who...",2.377,6,0,0,1
could look at his lungs.,1.834,5,0,0,0
"- Amelia, I'm sorry. - You were just being objective.",2.668,10,0,0,0
Unless you're punishing me for screwing up on Miller's planet.,3.461,10,0,0,0
"No, this wasn't a personal decision.",2.252,6,0,0,0
"If you're wrong, you will have a very personal decision to make.",4.045,12,0,0,0
Your fuel calculations are based on a return journey.,2.961,9,0,0,0
"Strike out on Mann's planet, and we'll have to decide whether to return home...",3.878,14,0,0,1
or push on to Edmunds' with Plan B.,2.126,8,0,0,0
Starting a colony could save us from extinction.,3.669,8,0,0,0
You might have to decide between seeing your children again...,3.169,10,0,0,1
and the future of the human race.,1.834,7,0,0,0
I trust you'll be as objective then.,1.709,7,0,0,0
He's been asking for you since he came to.,1.918,9,0,0,0
We were trying to reach you.,1.625,6,0,0,0
Murph.,1.041,1,0,0,0
"I'm here, professor.",1.501,3,0,0,0
I let you all down.,2.334,5,0,0,0
"No, you got us so far. Real close.",3.336,8,0,0,0
I'll finish what you started.,1.792,5,0,0,0
"Good, good Murph.",2.21,3,0,0,0
You had faith...,2.293,3,0,0,1
all those...,1.292,2,0,0,1
all those years.,1.793,3,0,0,0
I... I asked you to have faith.,3.92,7,0,0,1
I wanted you to believe...,2.793,5,0,0,1
that your father...,1.875,3,0,0,1
would come back.,1.835,3,0,0,0
"I do, professor.",1.292,3,0,0,0
"Forgive me, Murph.",1.501,3,0,0,0
There's nothing to forgive.,2.001,4,0,0,0
I...,1.041,1,0,0,1
"I lied, Murph.",1.834,3,0,0,0
I lied to you.,1.792,4,0,0,0
There was no need for him to...,3.21,7,0,0,1
To come back.,1.876,3,0,0,0
There is no way to help us.,3.335,7,0,0,0
But Plan A...,1.042,3,0,0,1
All this. All these people.,3.127,5,0,0,0
And the equation.,1.792,3,0,0,0
Did my father know?,1.751,4,1,0,0
Did he leave me?,1.709,4,1,0,0
Do...,1.041,1,0,0,1
not...,1.334,1,0,0,1
go...,1.25,1,0,0,1
gentle...,1.584,1,0,0,1
No.,1.167,1,0,0,0
No!,1.083,1,0,1,0
You can't leave.,1.667,3,0,0,0
You... No.,1.25,2,0,0,1
"Dr. Brand, I'm sorry to tell you that your father died today. He had no pain.",4.671,16,0,0,0
He was at peace.,1.667,4,0,0,0
I'm very sorry for your loss.,2.085,6,0,0,0
"Brand, did you know?",1.667,4,1,0,0
"He told you, right?",1.667,4,1,0,0
You knew.,1.376,2,0,0,0
This was all a sham.,1.793,5,0,0,0
You left us here.,2.084,4,0,0,0
To suffocate.,1.501,2,0,0,0
To starve.,1.334,2,0,0,0
Frozen cloud.,1.333,2,0,0,0
It's okay.,1.376,2,0,0,0
It's okay.,1.417,2,0,0,0
It's okay.,1.5,2,0,0,0
Pray you never learn...,2.001,4,0,0,1
just how good it can be to see another face.,3.336,10,0,0,0
"I hadn't a lot of hope to begin with, but...",2.502,10,0,0,1
"after so long, I had none.",2.335,6,0,0,0
My supplies were completely exhausted.,2.836,5,0,0,0
"The last time I went to sleep, I didn't even set a waking date.",3.753,14,0,0,0
You have literally raised me from the dead.,2.585,8,0,0,0
- Lazarus. - Hm.,2.168,4,0,0,0
"- What about the others? - I'm afraid you're it, sir.",3.252,11,1,0,0
"So far, surely.",2.418,3,0,0,0
"No, our present situation is that there's very little chance of rescuing any others.",4.837,14,0,0,0
Dr. Mann. Dr. Mann?,2.209,4,1,0,0
Tell us about your world.,1.793,5,0,0,0
"Our world, we hope.",1.876,4,0,0,0
"Our world, uh, is cold... stark...",3.795,6,0,0,1
but undeniably beautiful.,1.834,3,0,0,0
"The days are 67 hours long, cold.",3.252,7,0,0,0
The nights are... 67 far colder hours.,4.254,7,0,0,1
"The gravity is a very, very pleasant 80 percent of the Earth's.",4.336,12,0,0,0
"Now, up here where I landed, the water is alkali...",3.002,10,0,0,1
and the air has too much ammonia to breathe for more than just a few minutes...,3.753,16,0,0,1
"but down at the surface, and there is a surface...",4.587,10,0,0,1
the chlorine dissipates.,1.626,3,0,0,0
The ammonia gives way to crystalline hydrocarbons and breathable air.,3.878,10,0,0,0
To organics.,1.501,2,0,0,0
Possibly even to life.,2.335,4,0,0,0
We might be sharing this world.,1.918,6,0,0,0
These readings are from the surface?,1.959,6,1,0,0
"Over the years, I've dropped various probes.",3.169,7,0,0,0
- How far have you explored? - I've mounted several major expeditions.,3.419,12,1,0,0
"But with oxygen in limited supply, KIPP there really did most of the legwork.",4.253,14,0,0,0
"- What went wrong with him, sir? - Degeneration.",2.459,9,1,0,0
He misidentified the first organics we found as ammonia crystals.,3.586,10,0,0,0
"We struggled on for a time, but ultimately I decommissioned him and...",4.128,12,0,0,1
used his power source to keep the mission going.,2.168,9,0,0,0
I thought I was alone before I shut him down.,3.002,10,0,0,0
Would you like me to look at him?,1.668,8,1,0,0
No. No. He needs a human touch.,2.168,7,0,0,0
"Dr. Brand, CASE is relaying a message for you from the comm station.",4.503,13,0,0,0
Okay. Be right there. Excuse me.,2.46,6,0,0,0
"Dr. Brand, I'm sorry to tell you that your father died today.",2.585,12,0,0,0
He had no pain.,1.626,4,0,0,0
He was at peace.,1.5,4,0,0,0
I'm sorry for your loss.,1.834,5,0,0,0
Is that Murph?,1.042,3,1,0,0
She's... She's grown.,2.46,3,0,0,1
"Brand, did you know?",1.584,4,1,0,0
"He told you, right?",1.668,4,1,0,0
You knew.,1.292,2,0,0,0
This was all a sham.,1.501,5,0,0,0
You left us here.,1.668,4,0,0,0
To suffocate.,1.5,2,0,0,0
To starve.,1.375,2,0,0,0
Did my father know too?,1.584,5,1,0,0
Dad?,1.458,1,1,0,0
I just want to know...,1.918,5,0,0,1
if you left me here to die.,2.001,7,0,0,0
I just have to know.,2.001,5,0,0,0
"Cooper, my...",1.417,2,0,0,1
My father dedicated...,1.918,3,0,0,1
his whole life to Plan A. I have no idea what she's talking about.,5.004,14,0,0,0
I do.,1.167,2,0,0,0
He never even hoped to get the people off the Earth?,2.669,11,1,0,0
No.,1.209,1,0,0,0
But he's been trying to solve the gravity equation for 40 years.,3.837,12,0,0,0
"Amelia, your father solved his equation before I even left.",3.419,10,0,0,0
Then why wouldn't he use it?,1.876,6,1,0,0
The equation couldn't reconcile relativity with quantum mechanics. You need more.,3.961,11,0,0,0
More? More what?,1.918,3,1,0,0
More data. You need to see into a black hole.,3.002,10,0,0,0
The laws of nature prohibit a naked singularity.,2.085,8,0,0,0
"Romilly, is that true?",1.501,4,1,0,0
"If a black hole is an oyster, then the singularity's the pearl inside.",3.711,13,0,0,0
"The gravity's so strong, it's always hidden in darkness...",2.752,9,0,0,1
behind the horizon.,1.417,3,0,0,0
That's why we call it a black hole.,2.084,8,0,0,0
"Okay, but if we see beyond the horizon...",3.419,8,0,0,1
"We can't, Coop.",1.5,3,0,0,0
There are some things that aren't meant to be known.,2.502,10,0,0,0
Your father had to find another way to save the human race from extinction.,4.045,14,0,0,0
Plan B. A colony.,1.5,4,0,0,0
Why not tell people?,1.667,4,1,0,0
- Why keep building those stations? - He knew how hard it would be...,3.086,14,1,0,1
to get people to work together to save the species instead of themselves.,4.128,13,0,0,0
Or their children.,1.166,3,0,0,0
Bullshit.,1.042,1,0,0,0
You never would've come unless you believed you would save them.,2.793,11,0,0,0
Evolution has yet to transcend that simple barrier.,3.211,8,0,0,0
"We can care deeply, selflessly about...",2.46,6,0,0,1
"those we know, but that empathy rarely extends beyond our line of sight.",3.503,13,0,0,0
But the lie.,1.709,3,0,0,0
That monstrous lie?,2.419,3,1,0,0
Unforgivable.,1.292,1,0,0,0
And he knew that.,1.458,4,0,0,0
He was prepared to destroy his own humanity in order to save the species.,4.337,14,0,0,0
- He made an incredible sacrifice. - No.,2.418,8,0,0,0
An incredible sacrifice is being made by the people on Earth who are gonna die!,4.879,15,0,1,0
Because in his fucking arrogance...,2.168,5,0,0,1
he declared their case hopeless.,2.085,5,0,0,0
"I'm sorry, Cooper...",1.501,3,0,0,1
their case is hopeless.,1.459,4,0,0,0
No. No.,2.127,2,0,0,0
We are the future.,1.501,4,0,0,0
"Cooper, what can I do?",1.918,5,1,0,0
Let me go home.,1.834,4,0,0,0
You're absolutely positive?,1.918,3,1,0,0
His solution was correct. He'd had it for years.,2.502,9,0,0,0
- It's worthless? - It's half the answer.,2.627,8,1,0,0
"Okay, how do you find the other half?",3.002,8,1,0,0
Out there? A black hole.,1.667,5,1,0,0
- But stuck down here on Earth? - Yeah?,2.835,9,1,0,0
I'm not sure you can.,1.667,5,0,0,0
"God, they just pack up and leave.",2.668,7,0,0,0
What are they hoping to find?,2.085,6,1,0,0
Survival.,1.041,1,0,0,0
Damn it.,1.083,2,0,0,0
"Murph, don't...? Don't people have a right to know?",3.794,9,1,0,1
"Panic won't help. We just have to keep working, same as ever.",4.086,12,0,0,0
But isn't that exactly what Professor Brand was manipulating us to do?,3.336,12,1,0,0
Brand gave up on us. I'm still trying to solve this.,3.252,11,0,0,0
So...,1.083,1,0,0,1
do you have an idea?,1.667,5,1,0,0
A feeling.,1.333,2,0,0,0
I told you about my ghost.,2.001,6,0,0,0
My dad thought I called it a ghost...,2.043,8,0,0,1
because I was scared of it.,1.667,6,0,0,0
But I was never scared of it.,1.334,7,0,0,0
I called it a ghost because it felt...,2.668,8,0,0,1
It felt like a person.,1.667,5,0,0,0
It was trying to tell me something.,1.667,7,0,0,0
"If there's an answer here on Earth, it's back there...",3.002,10,0,0,1
"somehow, in that room.",1.918,4,0,0,0
So I have to find it.,1.751,6,0,0,0
We're running out of time.,1.751,5,0,0,0
What about auxiliary oxygen scrubbers?,2.001,5,1,0,0
"No, they can stay. I'll be sleeping anyway.",2.168,8,0,0,0
"- Hey, Coop? - Yeah?",1.584,5,1,0,0
I have a suggestion for your return journey.,2.001,8,0,0,0
"- Yeah, what's that? - Have one last crack at the black hole.",2.751,13,1,0,0
"I'm going home, Rom.",1.584,4,0,0,0
"Yeah, I know. This isn't going to cost you any time.",3.252,11,0,0,0
There's a chance for the people on Earth.,1.834,8,0,0,0
- Talk to me. - Gargantua's an older spinning black hole.,3.044,11,0,0,0
- It's what we call a gentle singularity. - Gentle?,3.878,10,1,0,0
They're hardly gentle. But the tidal gravity is so quick that...,3.461,11,0,0,1
"something crossing the horizon fast might survive. A probe, say.",4.253,10,0,0,0
- What happens after it crosses? - After the horizon is a complete mystery.,4.67,14,1,0,0
"So, what's to say there isn't some way that the probe...",3.085,11,0,0,1
can glimpse the singularity and relay the quantum data?,2.919,9,1,0,0
If he's equipped to transmit every form of energy that can pulse.,3.252,12,0,0,0
"Just when did this probe become a ""he,"" professor?",2.793,9,1,0,0
TARS is the obvious candidate.,1.751,5,0,0,0
I've already told him what to look for.,1.918,8,0,0,0
"I'd need the old optical transmitter off KIPP, Cooper.",2.71,9,0,0,0
You'd do this for us?,1.333,5,1,0,0
"Before you get all teary, remember that as a robot I have to do anything you say.",3.92,17,0,0,0
Your cue light's broken.,1.459,4,0,0,0
I'm not joking.,1.542,3,0,0,0
I'll need TARS to remove and adapt some components from KIPP.,3.252,11,0,0,0
I don't want to disturb his archival functions.,2.334,8,0,0,0
I'll supervise.,1.501,2,0,0,0
All right.,1.042,2,0,0,0
"Dr. Mann, we need to find three secure",2.156,8,0,0,0
"sites. One for Brand's lab, two for habitat.",2.502,8,0,0,0
"Once those modules have landed, you don't want to move them.",2.46,11,0,0,0
"I can take you to the probe sites, but I don't think...",2.543,12,0,0,1
these conditions will hold. I think we should wait.,2.71,9,0,0,0
CASE is headed down with the rest of the distillery equipment.,2.835,11,0,0,0
I'd really like to secure those sites by nightfall.,2.835,9,0,0,0
"Well, these squalls do usually blow over.",3.086,7,0,0,0
"Okay, then.",1.125,2,0,0,0
- You'll need a long-range transmitter. - Got it.,2.209,9,0,0,0
- Are you charged? - Yeah.,1.542,6,1,0,0
Follow me.,1.042,2,0,0,0
"TARS, 72 hours, yeah?",2.167,4,1,0,0
"Roger that, Cooper.",1.209,3,0,0,0
Brand told me why you feel you have to go back.,3.043,11,0,0,0
But I'd be remiss if I didn't at least mention...,2.751,10,0,0,1
that a mission such as ours could certainly use an extra engineer.,4.17,12,0,0,0
"You better slow down, turbo. Safety first, CASE, remember.",4.253,9,0,0,0
"Safety first, Cooper.",1.751,3,0,0,0
"I have to tell you, Dr. Mann, I'm honored to be a part of this.",3.002,15,0,0,0
"But once we set up base camp and secure those modules, my work's done here.",5.004,15,0,0,0
I'm going home.,1.334,3,0,0,0
You have attachments. But even without a family...,3.503,8,0,0,1
I can promise you that that yearning to be with other people is powerful.,4.461,14,0,0,0
That emotion is at the foundation...,3.335,6,0,0,1
of what makes us human. It's not to be taken lightly.,3.043,11,0,0,0
- How long have you had that cough? - A while.,2.585,11,1,0,0
Mom lets me play in here.,1.917,6,0,0,0
I don't touch your stuff.,1.25,5,0,0,0
Just take this gently.,1.626,4,0,0,0
"You know why we couldn't just send machines on these missions, don't you?",3.377,13,1,0,0
A machine doesn't improvise well because you can't program a fear of death.,4.629,13,0,0,0
Our survival instinct is our single greatest...,2.334,7,0,0,1
"source of inspiration. Take you, for example.",3.544,7,0,0,0
A father...,1.334,2,0,0,1
with a survival instinct that extends to your kids.,3.002,9,0,0,0
What does research tell us is the last thing you're going to see before you die?,4.671,16,1,0,0
Your children. Their faces.,2.459,4,0,0,0
"At the moment of death, your mind's gonna push...",2.585,9,0,0,1
a little bit harder to survive.,1.709,6,0,0,0
For them.,1.042,2,0,0,0
Deep breath.,1.25,2,0,0,0
"Uh, hey. I bet you're Coop. Why don't you have a seat here for me?",3.752,15,1,0,0
It's bad. They cannot stay here.,2.335,6,0,0,0
- Okay? - Yeah.,1.292,4,1,0,0
"TARS, what's taking so long?",1.459,5,1,0,0
"Professor, I am having trouble completing the boot up.",2.877,9,0,0,0
I don't understand.,1.542,3,0,0,0
It's funny.,1.25,2,0,0,0
When I left Earth...,1.626,4,0,0,1
I thought I was prepared to die.,2.084,7,0,0,0
The truth is...,1.334,3,0,0,1
I never really considered the possibility that my planet wasn't the one.,5.004,12,0,0,0
Nothing worked out the way it was supposed to.,2.335,9,0,0,0
Let's go.,1.042,2,0,0,0
"All right, buddy, give me a big deep breath.",2.794,9,0,0,0
What is this?,1.417,3,1,0,0
What are you doing?,1.092,4,1,0,0
I'm sorry! I can't let you leave with that ship.,2.732,10,0,1,0
We're gonna need it to complete the mission...,2.335,8,0,0,1
once the others realize what this place isn't.,3.419,8,0,0,0
We cannot survive here. I'm sorry!,2.751,6,0,1,0
I'm sorry!,1.042,2,0,1,0
- They can't stay here anymore. - You have to leave right now.,3.127,13,0,0,0
Let me make something abundantly clear. You have a responsibility...,3.544,10,0,0,1
"- Oh! Jesus! - Coop, get her stuff. She's going home.",3.127,11,0,1,0
"Dad didn't raise you to be this dumb, Tom!",1.917,9,0,1,0
"Dad didn't raise me, Grandpa did. And he's buried out back with Mom and Jesse.",4.086,15,0,0,0
You faked all the data?,2.669,5,1,0,0
Yeah.,1.083,1,0,0,0
There's no surface?,1.709,3,1,0,0
No.,1.167,1,0,0,0
"I tried to do my duty, Cooper...",2.001,7,0,0,1
but I knew the day that I arrived here that this place had nothing.,5.004,14,0,0,0
And I resisted the temptation for years...,3.794,7,0,0,1
but I knew that...,2.084,4,0,0,1
"if I just pressed that button, then...",2.835,7,0,0,1
somebody would come and save me.,2.001,6,0,0,0
You fucking coward.,1.5,3,0,0,0
Yes.,1.042,1,0,0,0
Yes.,1.042,1,0,0,0
Yes.,1.042,1,0,0,0
Yes.,1.042,1,0,0,0
"Listen, if you're not going to go, let your family go. Just save your family.",4.546,15,0,0,0
And we go live underground with you?,2.293,7,1,0,0
Pray that Daddy comes to save us?,1.918,7,1,0,0
Dad's not coming back. He never was coming back. It's up to me.,3.503,13,0,0,0
You're gonna save everybody?,1.876,4,1,0,0
- Because Dad couldn't do it. - Dad didn't even try!,2.835,11,0,1,0
Dad just abandoned us!,2.168,4,0,1,0
He left us here to die.,1.792,6,0,0,0
Nobody's going with you.,1.667,4,0,0,0
You gonna wait for your next kid to die?,2.71,9,1,0,0
Get out.,1.292,2,0,0,0
And don't come back.,1.334,4,0,0,0
You can keep my stuff.,1.834,5,0,0,0
Stop it!,1.375,2,0,1,0
No. No!,1.584,2,0,1,0
"Dr. Mann, there's a 50-50 chance you're gonna kill yourself!",2.877,10,0,1,0
Those are the best odds I've had in years.,2.001,9,0,0,0
"Don't judge me, Cooper.",1.835,4,0,0,0
You were never tested like I was.,2.252,7,0,0,0
Few men have been.,1.459,4,0,0,0
"You tried your best, Murph.",1.166,5,0,0,0
"You're feeling it, aren't you?",1.375,5,1,0,0
The survival instinct.,1.834,3,0,0,0
That's what drove me. it's what drives all of us. And it's what's gonna save us.,4.337,16,0,0,0
"Because I want to save all of us. For you, Cooper.",3.336,11,0,0,0
"I'm sorry, I can't watch you go through this. I'm sorry.",3.545,11,0,0,0
"I thought I could, but I can't.",2.669,7,0,0,0
I'm here. I'm here for you.,2.168,6,0,0,0
"Just listen to my voice, Cooper.",2.043,6,0,0,0
I'm right here.,1.334,3,0,0,0
You're not alone.,1.334,3,0,0,0
Do you see your children?,1.5,5,1,0,0
It's okay.,1.334,2,0,0,0
They're right there with you.,1.751,5,0,0,0
Did Professor Brand tell you that poem before you left?,2.585,10,1,0,0
Do you remember?,1.5,3,1,0,0
Do not go gentle into that good night,2.668,8,0,0,0
Old age should burn and rave,2.793,6,0,0,0
At close of day,1.584,4,0,0,0
"Rage, rage against the dying of the light",2.376,8,0,0,0
Brand! Help!,1.667,2,0,1,0
- Help! - Cooper?,1.959,4,1,1,0
CASE!,1.209,1,0,1,0
No air.,1.292,2,0,0,0
Ammonia.,1.209,1,0,0,0
"Cooper. Cooper, we're coming! CASE!",2.502,5,0,1,0
"- I have a fix. - Go! Go, go, go!",1.917,10,0,1,0
And away!,2.085,2,0,1,0
"Cooper, we're coming. Hang in there. Don't talk.",2.209,8,0,0,0
Try to breathe as little as possible. We're almost there.,2.293,10,0,0,0
"There's a security lockout, sir.",2.001,5,0,0,0
It requires a person to access function.,3.253,7,0,0,0
"It's all yours, sir.",1.501,4,0,0,0
Try not to breathe.,1.459,4,0,0,0
We're coming. We're coming right now.,1.667,6,0,0,0
"CASE, come on! Come on!",2.126,5,0,1,0
"We got to go faster, CASE! Faster, faster, faster!",2.71,9,0,1,0
Hang in there. Come on.,1.709,5,0,0,0
"I see him, I see him! CASE, bank! Bank right!",3.294,10,0,1,0
Cooper! Cooper!,1.542,2,0,1,0
I'm here!,1.083,2,0,1,0
This data makes no sense.,2.001,5,0,0,0
I'm sorry.,1.25,2,0,0,0
- What? - Mann was lying!,2.585,6,1,1,0
Go. Go.,1.793,2,0,0,0
Romilly.,1.042,1,0,0,0
Romilly!,1.042,1,0,1,0
"Romilly! Do you read me, Romilly?",2.418,6,1,1,0
"Step back, professor! Step back!",2.001,5,0,1,0
"- Romilly... - Romilly, do you read me?",2.585,8,1,0,1
Keep watch!,1.334,2,0,1,0
Lois?,1.125,1,1,0,0
"- What happened to caution, CASE? - Safety first, Cooper.",2.502,10,1,0,0
"Romilly? Romilly, do you read me? This is Brand.",3.419,9,1,0,0
Romilly?,1.042,1,1,0,0
Dr. Brand. Cooper. There's been an explosion.,2.585,7,0,0,0
Dr. Mann's compound.,1.793,3,0,0,0
"TARS, TARS, 10 o'clock!",2.042,4,0,1,0
Let me know when TARS is aboard.,1.959,7,0,0,0
Romilly did not survive.,1.876,4,0,0,0
I could not save him.,1.667,5,0,0,0
- TARS is in. - I'll take her now.,1.48,9,0,0,0
- Do we have a fix on the Ranger? - He's pushing into orbit!,2.877,14,1,1,0
"If he takes control of that ship, we're dead.",3.002,9,0,0,0
- He'd maroon us? - He is marooning us.,2.96,9,1,0,0
I'll meet you guys downstairs. Go wait by the car.,2.502,10,0,0,0
Come on! Give me your bag. Get in the backseat. Get in the backseat now!,4.212,15,0,1,0
"Dr. Mann, please respond.",1.918,4,0,0,0
"Dr. Mann, please respond!",2.085,4,0,1,0
He doesn't know the Endurance docking procedure.,2.209,7,0,0,0
- The autopilot does. - Not since TARS disabled it.,2.502,10,0,0,0
Nice.,1.042,1,0,0,0
"- What's your trust setting, TARS? - Lower than yours apparently.",2.918,11,1,0,0
"Do not attempt docking. I repeat, do not attempt docking.",3.544,10,0,0,0
Please res...,1.042,2,0,0,1
Auto-docking sequence withheld.,2.376,3,0,0,0
- Override. - Unauthorized.,2.669,4,0,0,0
Override.,1.333,1,0,0,0
Unauthorized.,1.876,1,0,0,0
"Do not attempt docking. I repeat, do not attempt docking. Please resp...",4.128,12,0,0,1
Moving slowly toward the Endurance.,2.167,5,0,0,0
Imperfect contact.,1.584,2,0,0,0
- Override. - Hatch lockout.,2.042,5,0,0,0
- Is he locked on yet? - Imperfectly.,2.543,8,1,0,0
"Dr. Mann, do not...",1.251,4,0,0,1
Hatch lockout disengaged.,3.002,3,0,0,0
"Dr. Mann, do not, I repeat, do not open the hatch.",3.502,11,0,0,0
"I repeat, do not open the hatch.",1.876,7,0,0,0
"If you open the hatch, the airlock will depressurize.",2.836,9,0,0,0
- What happens if he blows the airlock? - Nothing good.,2.32,11,1,0,0
"Okay, pull back. Retro thrusters, everything we've got, CASE!",2.627,9,0,1,0
- Thrusters are full! - Back!,1.709,6,0,1,0
Relay my transmission to the on board computer...,2.001,8,0,0,1
and have it rebroadcast as emergency P.A.,2.085,7,0,0,0
Dr. Mann...,1.041,2,0,0,1
"I repeat, do not open the inner hatch. I repeat...",2.877,10,0,0,1
Brand?,1.042,1,1,0,0
I don't know what he said to you...,2.043,8,0,0,1
but I am taking command of the Endurance.,2.669,8,0,0,0
And then we can talk about completing the mission.,2.042,9,0,0,0
"Dr. Mann, listen to me.",1.709,5,0,0,0
This is not about my life.,2.001,6,0,0,0
Or Cooper's life. This is about all mankind.,3.252,8,0,0,0
There is a moment...,1.417,4,0,0,1
It is not sa...,1.334,4,0,0,1
"Oh, my God.",1.041,3,0,0,0
CASE: There's no point using fuel to chase... - Analyze the Endurance's spin.,3.962,13,0,0,1
"- Cooper, what are you doing? - Docking.",2.209,8,1,0,0
"Endurance rotation is 67, 68 RPM.",2.836,6,0,0,0
"Okay, get ready to match our spin with the retro thrusters.",2.46,11,0,0,0
- it's not possible. - No...,2.084,6,0,0,1
it's necessary.,1.167,2,0,0,0
Endurance is hitting stratosphere!,2.168,4,0,1,0
She's got no heat shield.,2.043,5,0,0,0
"- CASE, you ready? - Ready.",1.751,6,1,0,0
Cooper! This is no time for caution.,3.169,7,0,1,0
"CASE, if I black out, you take the stick.",2.46,9,0,0,0
"TARS, get ready to engage the docking mechanism.",2.459,8,0,0,0
Endurance is starting to heat.,1.501,5,0,0,0
Twenty feet out.,1.334,3,0,0,0
"I need three degrees starboard, Cooper.",2.501,6,0,0,0
Ten feet out.,2.001,3,0,0,0
"Cooper, we are lined up.",2.502,5,0,0,0
Initiating spin!,1.584,2,0,1,0
"Come on, TARS.",1.208,3,0,0,0
"Come on, TARS!",1.543,3,0,1,0
"- We are locked, Cooper. - Locked. Easing up!",2.418,9,0,1,0
Easy.,1.334,1,0,0,0
Easy.,1.333,1,0,0,0
Retro thrusters!,1.501,2,0,1,0
Main engines on.,1.501,3,0,0,0
"Pushing out of orbit. Come on, baby.",2.71,7,0,0,0
Killing main engines!,1.668,3,0,1,0
"Okay, we're out of orbit.",1.667,5,0,0,0
Okay. And for our next trick!,2.877,6,0,1,0
it'll have to be good. We're heading into Gargantua's pull.,3.836,10,0,0,0
"Oh, shit.",1.042,2,0,0,0
"- CASE, take the stick. - Roger that.",1.793,8,0,0,0
"Cooper, we're slipping towards Gargantua.",2.335,5,0,0,0
Shall I use main engines?,1.96,5,1,0,0
No.,1.041,1,0,0,0
We got to let her slide as far as we can.,2.251,11,0,0,0
"- Give it to me. - There's good news, there's bad news.",2.877,12,0,0,0
"Yeah, I've heard that one, TARS. Give it to me straight.",3.627,11,0,0,0
"The backup generator kicked in, so the system's stable. They're all good.",3.211,12,0,0,0
Good.,1.041,1,0,0,0
Okay. The navigational hub has been completely destroyed.,3.335,8,0,0,0
We don't have enough life support to make it back to Earth...,2.96,12,0,0,1
but we can scratch our way to Edmunds' planet.,2.085,9,0,0,0
What about fuel?,1.334,3,1,0,0
Not enough. But I have a plan.,2.502,7,0,0,0
We let Gargantua pull us down close to her horizon.,4.003,10,0,0,0
"Then a powered slingshot around, launching us towards Edmunds' planet.",3.252,10,0,0,0
- Manually? - That's what I'm here for.,2.501,8,1,0,0
I'm gonna take us just inside the critical orbit.,2.71,9,0,0,0
- What about time slippage? - Neither of us has time to worry...,2.52,13,1,0,1
"about relativity right now, Dr. Brand.",1.668,6,0,0,0
"I'm sorry, Cooper.",1.501,3,0,0,0
Once we've gathered enough speed around Gargantua...,3.252,7,0,0,1
we use Lander 1...,1.834,4,0,0,1
and Ranger 2 as rocket boosters to...,2.293,7,0,0,1
push us out of the black hole's gravity.,2.001,8,0,0,0
The Lander's linkages have been destroyed...,2.668,6,0,0,1
so we'll have to control manually.,2.335,6,0,0,0
"Once Lander 1 is spent, TARS will detach...",3.461,8,0,0,1
And get sucked into that black hole.,1.709,7,0,0,0
Why does TARS have to detach?,1.959,6,1,0,0
We have to shed the weight to escape the gravity.,2.043,10,0,0,0
Newton's third law.,1.376,3,0,0,0
The only way humans have ever figured out of getting somewhere...,2.71,11,0,0,1
is to leave something behind.,1.543,5,0,0,0
"Cooper, you can't ask TARS to do this for us.",3.043,10,0,0,0
He's a robot. So you don't have to ask him to do anything.,3.836,13,0,0,0
"Cooper, you asshole!",1.292,3,0,1,0
"Sorry, you broke up a little bit there.",2.001,8,0,0,0
"It's what we intended, Dr. Brand.",2.251,6,0,0,0
It's our only chance to save people on Earth.,2.459,9,0,0,0
If I can find a way to transmit the quantum data I'll find in there...,3.211,15,0,0,1
they might still make it.,1.834,5,0,0,0
Let's just hope there's still someone there to save.,2.627,9,0,0,0
Maximum velocity achieved.,1.667,3,0,0,0
Prepare to fire escape thrusters.,2.502,5,0,0,0
Ready?,1.083,1,1,0,0
Ready.,1.417,1,0,0,0
Ready.,1.167,1,0,0,0
Main engine ignition in three... two...,3.127,6,0,0,1
one. Mark.,1.835,2,0,0,0
"Come on, baby.",1.25,3,0,0,0
"Lander 1 engines, on my mark.",2.168,6,0,0,0
Three...,1.042,1,0,0,1
two... one. Mark.,2.793,3,0,0,1
"Ranger 2 engines, on my mark.",2.585,6,0,0,0
"Three, two, one...",2.376,3,0,0,1
- Mark. - Fire!,1.167,4,0,1,0
This little maneuver's gonna cost us 51 years!,3.169,8,0,1,0
You don't sound so bad for pushing 120!,2.502,8,0,1,0
"Lander 1, prepare to detach on my mark.",3.169,8,0,0,0
"Three, two...",2.001,2,0,0,1
one. Mark.,1.584,2,0,0,0
Detach!,1.083,1,0,1,0
"- Goodbye, TARS. - Goodbye, Dr. Brand.",2.501,7,0,0,0
"- See you on the other side, Coop. - See you there, Slick!",3.002,13,0,1,0
"Okay, CASE.",1.584,2,0,0,0
- Nice reckless flying! - Learned from the master.,3.378,9,0,1,0
"- Ranger 2, prepare to detach. - What?",2.585,8,1,0,0
No! No! Cooper! What are you doing?,2.919,7,1,1,0
Newton's third law. You got to leave something behind.,3.711,9,0,0,0
You told me we had enough resources for both of us.,2.418,11,0,0,0
"We agreed, Amelia...",1.751,3,0,0,1
90 percent.,1.459,2,0,0,0
Don't.,1.084,1,0,0,0
Detach.,1.167,1,0,0,0
"Okay, I am nosing down.",2.752,5,0,0,0
Approaching the event horizon.,2.001,4,0,0,0
"Portside, dipping down beneath it...",2.251,5,0,0,1
to go through it.,1.667,4,0,0,0
Heading towards blackness.,2.835,3,0,0,0
I have a visual of the event.,2.001,7,0,0,0
It's all black.,1.375,3,0,0,0
"TARS, do you read me?",1.667,5,1,0,0
It's all blackness.,1.501,3,0,0,0
TARS! Do you read me? Over.,2.001,6,1,1,0
Okay.,1.167,1,0,0,0
Screens...,1.25,1,0,0,1
getting interference.,1.5,2,0,0,0
Losing control of the stick. I got flashes.,2.585,8,0,0,0
Flashes of lightness and blackness.,2.168,5,0,0,0
The turbulence in the gravity is increasing.,2.501,7,0,0,0
Ah.,1.25,1,0,0,0
The computers are going down. Agh.,2.835,6,0,0,0
Gravitational pull. I'm losing control of the stick.,2.835,8,0,0,0
"Murph? Murph, come on!",1.667,4,1,1,0
Eject. Eject.,2.001,2,0,0,0
Eject.,1.084,1,0,0,0
Eject.,1.166,1,0,0,0
Eject.,1.041,1,0,0,0
Eject.,1.084,1,0,0,0
Murph.,1.042,1,0,0,0
Murph! Murph! Murph!,2.168,3,0,1,0
Murph!,1.042,1,0,1,0
"No, no, no!",1.917,3,0,1,0
Murph!,1.292,1,0,1,0
Murph!,1.5,1,0,1,0
No! No!,1.042,2,0,1,0
"If you're leaving, just go.",1.959,5,0,0,0
"No, no. No.",1.167,3,0,0,0
"No, don't go. Don't go, you idiot.",2.335,7,0,0,0
Don't go!,1.292,2,0,1,0
Morse. Morse.,1.667,2,0,0,0
Morse.,1.042,1,0,0,0
Dot. Dot.,1.793,2,0,0,0
S.,1.042,1,0,0,0
T.,1.042,1,0,0,0
A.,1.083,1,0,0,0
Dash!,1.084,1,0,1,0
Dash! Dash!,1.334,2,0,1,0
Murph!,1.042,1,0,1,0
"Murph, we don't have time for this! Come on!",2.001,9,0,1,0
Y.,1.125,1,0,0,0
"""Stay!""",1.042,1,0,1,0
"Come on. Come on, Murph. Come on!",2.335,7,0,1,0
"What's it say? What's it say, Murph?",1.793,7,1,0,0
What's it say?,1.083,3,1,0,0
"""Stay.""",1.125,1,0,0,0
"Tell him, Murph.",1.459,3,0,0,0
Make him stay.,1.209,3,0,0,0
"Make him stay, Murph.",1.667,4,0,0,0
"Make him stay, Murph.",1.876,4,0,0,0
"Don't let me leave, Murph!",2.126,5,0,1,0
"Don't let me leave, Murph!",2.418,5,0,1,0
No! No! No!,2.334,3,0,1,0
It was you.,1.5,3,0,0,0
You were my ghost.,2.043,4,0,0,0
"Cooper. Cooper. Come in, Cooper.",3.002,5,0,0,0
- TARS? - Roger that.,2.502,5,1,0,0
- You survived. - Somewhere...,2.627,5,0,0,1
in their fifth dimension.,2.043,4,0,0,0
They saved us.,2.334,3,0,0,0
"Yeah? Who the hell is ""they""? And just why would they want to help us?",5.213,15,1,0,0
"I don't know, but they constructed this three-dimensional space...",2.71,9,0,0,1
inside their five-dimensional reality to allow you to understand it.,3.294,10,0,0,0
"Yeah, that ain't working.",1.959,4,0,0,0
"Yes, it is.",1.543,3,0,0,0
You've seen that time is represented here as a physical dimension.,3.878,11,0,0,0
You have worked out that you can exert a force across space-time.,2.835,12,0,0,0
Gravity to send a message.,3.168,5,0,0,0
Affirmative.,1.333,1,0,0,0
Gravity...,1.125,1,0,0,1
"can cross the dimensions, including time.",3.335,6,0,0,0
Apparently.,1.292,1,0,0,0
Do you have the quantum data?,2.001,6,1,0,0
Roger. I have it.,1.625,4,0,0,0
"I am transmitting it on all wavelengths, but nothing is getting out, Cooper.",4.003,13,0,0,0
I can do this. I can do this.,2.251,8,0,0,0
But such complicated data to a child?,2.751,7,1,0,0
Not just any child.,1.125,4,0,0,0
What else?,1.376,2,1,0,0
"Oh, come on, Dad.",2.168,4,0,0,0
"Murph, the fire's out! Come on!",2.168,6,0,1,0
"Even if you communicate it here, she won't understand its significance for years.",4.003,13,0,0,0
"I get that, TARS.",1.458,4,0,0,0
But we've got to figure something out or the people on Earth are gonna die. Think!,4.671,16,0,1,0
Cooper...,1.584,1,0,0,1
they didn't bring us here to change the past.,2.502,9,0,0,0
Say that again.,1.5,3,0,0,0
They didn't bring us here to change the past.,3.461,9,0,0,0
"No, they didn't bring us here at all.",1.959,8,0,0,0
We brought ourselves.,1.667,3,0,0,0
"TARS, give me the coordinates for NASA in binary.",4.045,9,0,0,0
In binary. Roger. Feeding data.,2.46,5,0,0,0
"""It's not a ghost.""",1.917,4,0,0,0
"""it's gravity.""",1.501,2,0,0,0
"Don't you get it yet, TARS?",1.668,6,1,0,0
I brought myself here!,1.793,4,0,1,0
We're here to communicate with the three-dimensional world.,3.503,8,0,0,0
We're the bridge!,1.5,3,0,1,0
I thought they chose me.,1.793,5,0,0,0
"- But they didn't choose me, they chose her. TARS: For what, Cooper?",3.669,13,1,0,0
To save the world.,1.668,4,0,0,0
All of this is one little girl's bedroom. Every moment.,4.378,10,0,0,0
It's infinitely complex.,1.417,3,0,0,0
"They have access to infinite time and space, but they're not bound by anything!",4.753,14,0,1,0
They can't find a specific place in time. They can't communicate.,4.671,11,0,0,0
That's why I'm here. I'm gonna find a way to tell Murph...,3.002,12,0,0,1
just like I found this moment.,1.5,6,0,0,0
"- How, Cooper? - Love, TARS, love.",2.335,7,1,0,0
It's just like Brand said. My connection with,2.325,8,0,0,0
"Murph, it is quantifiable. it's the key!",2.083,7,0,1,0
What are we here to do?,1.876,6,1,0,0
Find how to tell her.,1.876,5,0,0,0
The watch.,1.334,2,0,0,0
The watch.,1.167,2,0,0,0
That's it.,1.126,2,0,0,0
We code the data into the movement of the second hand.,3.002,11,0,0,0
"TARS, translate the data into Morse and feed it to me.",3.21,11,0,0,0
"Translating data to Morse. Cooper, what if she never came back for it?",4.295,13,1,0,0
She will. She will.,2.669,4,0,0,0
"Murph, I can see his car!",1.626,6,0,1,0
"He's coming, Murph!",1.167,3,0,1,0
Okay. I'm coming down.,1.835,4,0,0,0
How do you know?,1.501,4,1,0,0
Because I gave it to her.,1.835,6,0,0,0
Roger. Morse is dot-dot-dash-dot.,2.501,4,0,0,0
Dot-dot...,1.125,1,0,0,1
dash-dot.,1.667,1,0,0,0
Dot-dash-dot-dot.,1.667,1,0,0,0
Dot-dash-dot-dot.,2.668,1,0,0,0
Dash-dash-dash.,1.334,1,0,0,0
"Dash, dash, dash.",2.251,3,0,0,0
He came back!,1.334,3,0,1,0
It was him all the time! I didn't know. it was him!,4.169,12,0,1,0
Dad's gonna save us.,1.959,4,0,0,0
Eureka!,1.25,1,0,1,0
It's traditional.,1.334,2,0,0,0
Eureka!,1.625,1,0,1,0
Did it work?,1.501,3,1,0,0
I think it might have.,1.834,5,0,0,0
How do you know?,1.292,4,1,0,0
Because the bulk beings are closing the tesseract.,3.377,8,0,0,0
"Don't you get it yet, TARS?",2.001,6,1,0,0
"They're not ""beings.""",1.835,3,0,0,0
They're us.,1.334,2,0,0,0
"What I've been doing for Murph, they're doing for me.",3.127,10,0,0,0
For all of us.,1.5,4,0,0,0
"Cooper, people couldn't build this.",2.251,5,0,0,0
"No. No, not yet.",2.376,4,0,0,0
But one day.,1.459,3,0,0,0
Not you and me. But people.,3.21,6,0,0,0
A civilization that's evolved past the four dimensions we know.,4.044,10,0,0,0
What happens now?,1.501,3,1,0,0
Mr. Cooper.,1.459,2,0,0,0
"All right. Let's take it slow, sir.",1.709,7,0,0,0
"Nice and easy, Mr. Cooper.",2.126,5,0,0,0
"Remember, you're no spring chicken anymore. Actually, you are 124 years old.",5.045,12,0,0,0
"Take it slow, sir.",1.334,4,0,0,0
"You were, uh, extremely lucky.",2.293,5,0,0,0
The Rangers found you with only minutes left in your oxygen supply.,3.336,12,0,0,0
Where am I?,1.333,3,1,0,0
Cooper Station.,1.542,2,0,0,0
Currently orbiting Saturn.,1.542,3,0,0,0
Cooper Station.,2.043,2,0,0,0
Nice of you to name it after me.,2.001,8,0,0,0
What?,1.083,1,1,0,0
"The station isn't named after you, sir. It's, uh, named after your daughter.",3.211,13,0,0,0
Although she's always maintained just how important you were.,3.002,9,0,0,0
Is she still alive?,1.709,4,1,0,0
She'll be here in a couple weeks.,1.876,7,0,0,0
She is far too old to be transferring from another station...,2.46,11,0,0,1
but when she heard that you'd been found...,2.377,8,0,0,1
"well, this is, uh, Murphy Cooper we're talking about.",2.71,9,0,0,0
"Yes, it is.",1.501,3,0,0,0
We'll have you checked out of here in a couple days.,2.501,11,0,0,0
I'm sure you'll be excited to see what's in store.,2.501,10,0,0,0
"I actually, uh, did a paper on you in high school.",3.962,11,0,0,0
I know all about your life back on Earth.,2.335,9,0,0,0
"Oh, yeah.",1.167,2,0,0,0
Right.,1.25,1,0,0,0
"If... If you'll follow me, we've got a really good situation for you.",5.338,13,0,0,1
"So, uh, when I made my suggestion to Miss Cooper...",4.044,10,0,0,1
I was delighted to hear that she thought it was perfect.,2.794,11,0,0,0
It was just constant. Just that steady blow of dirt.,3.294,10,0,0,0
"Of course, I didn't speak to her personally.",2.918,8,0,0,0
We always set the plate upside-down.,2.001,6,0,0,0
"Glasses or cups, whatever it was, upside-down.",2.752,7,0,0,0
"Well, my dad was a farmer. Uh, like everybody else back then.",4.92,12,0,0,0
There just wasn't enough food.,2.46,5,0,0,0
"We wore little things, little strips...",2.71,6,0,0,1
of sheet over our nose and mouth so we wouldn't breathe so much of it.,5.171,15,0,0,0
"Well, it was pretty exciting for me because it was hope.",3.461,11,0,0,0
"I don't care who describes it, there is no way",2.187,10,0,0,0
for it to be exaggerated. It was that bad.,2.012,9,0,0,0
She did confirm just how much you loved farming.,3.669,9,0,0,0
"- Oh, she did, did she? - Yeah.",1.667,8,1,0,0
Come here.,1.209,2,0,0,0
Home sweet home. Everything replaced and put back where it...,4.962,10,0,0,1
"- Hey, is this...? - Oh, yeah.",2.043,7,1,0,1
The machine we found out near Saturn when we found you. Yes.,3.002,12,0,0,0
"Its, uh, power source was shot, but we could get you another one.",2.668,13,0,0,0
Yes. Please.,2.168,2,0,0,0
Settings.,1.334,1,0,0,0
General settings.,1.5,2,0,0,0
Security settings.,1.834,2,0,0,0
"Honesty, new setting:",2.293,3,0,0,0
95 percent.,1.625,2,0,0,0
Confirmed. Additional customization?,2.502,3,1,0,0
Humor:,1.126,1,0,0,0
75 percent.,1.501,2,0,0,0
Confirmed.,1.334,1,0,0,0
"Auto self-destruct T-minus 10, nine...",3.127,5,0,0,1
Let's make that 60 percent.,1.917,5,0,0,0
Sixty percent confirmed.,2.127,3,0,0,0
- Knock-knock. - You want 55?,3.086,6,1,0,0
Is this really what it was like?,2.127,7,1,0,0
"It was never this clean, Slick. Heh.",2.418,7,0,0,0
I don't care much for this pretending we're back where we started.,3.669,12,0,0,0
I want to know where we are.,2.293,7,0,0,0
Where we're going.,1.542,3,0,0,0
- Mr. Cooper. The family's all in there. - Yeah.,3.086,10,0,0,0
Family?,1.083,1,1,0,0
"Yeah, they all came out to see her. She's been in cryo-sleep for almost two years.",3.878,16,0,0,0
You told them I like farming.,1.875,6,0,0,0
"It was me, Murph.",1.667,4,0,0,0
I was your ghost.,1.792,4,0,0,0
I know.,1.626,2,0,0,0
People didn't believe me. They thought that I was doing it all myself.,4.712,13,0,0,0
But...,1.042,1,0,0,1
I knew who it was.,1.959,5,0,0,0
Nobody believed me.,2.168,3,0,0,0
But I knew you'd come back.,2.418,6,0,0,0
How?,1.208,1,1,0,0
Because my dad promised me.,3.127,5,0,0,0
"Well, I'm here now, Murph.",2.001,5,0,0,0
I'm here.,1.334,2,0,0,0
No.,1.333,1,0,0,0
No parent should have to watch their own child die.,4.128,10,0,0,0
I have my kids here for me now.,2.669,8,0,0,0
You go.,1.501,2,0,0,0
Where?,1.501,1,1,0,0
Brand.,1.584,1,0,0,0
She's out there...,1.626,3,0,0,1
setting up camp.,1.751,3,0,0,0
Alone...,1.709,1,0,0,1
in a strange galaxy.,2.669,4,0,0,0
Maybe right now she's settling in for the long nap...,4.67,10,0,0,1
by the light of our new sun...,2.835,7,0,0,1
in our new home.,2.042,4,0,0,0
